cs_code;cs_nb_pas;cs_bp_code;cs_num;cs_type;cs_face;cs_rf_code;cs_comment;cs_creadat;cs_majdate;cs_majsrc;cs_abddate;cs_abdsrc
CS400703001188;"0";BP400703000030;"9";E;A;;"09";;;;;
CS400703000347;"0";BP400703000105;"3";E;A;;"03";;;;;
CS400703000991;"0";BP400703000003;"0";P;FDB;;"0";;;;;
CS400703001142;"0";BP400703000037;"3";E;A;;"03";;;;;
CS400703001267;"0";BP400703000011;"0";P;FDB;;"0";;;;;
CS400703000538;"0";BP400703000116;"2";E;A;;"02";;;;;
CS400703001233;"0";BP400703000013;"12";E;A;;"12";;;;;
CS400703000504;"0";BP400703000115;"1";E;A;;"01";;;;;
CS400703001114;"0";BP400703000006;"3";E;A;;"03";;;;;
CS400703000216;"0";BP400703000097;"5";E;A;;"05";;;;;
CS400703000520;"0";BP400703000169;"4";E;A;;"04";;;;;
CS400703000829;"0";BP400703000159;"5";E;A;;"05";;;;;
CS400703000672;"0";BP400703000171;"9";E;A;;"09";;;;;
CS400703000307;"0";BP400703000149;"1";E;A;;"01";;;;;
CS400703001213;"0";BP400703000020;"8";E;A;;"08";;;;;
CS400703001303;"0";BP400703000008;"17";E;A;;"17";;;;;
CS400703000022;"0";BP400703000154;"1";E;A;;"01";;;;;
CS400703000102;"0";BP400703000118;"9";E;A;;"09";;;;;
CS400703001315;"0";BP400703000008;"11";E;A;;"11";;;;;
CS400703001120;"0";BP400703000068;"4";E;A;;"04";;;;;
CS400703000740;"0";BP400703000168;"6";E;A;;"06";;;;;
CS400703001138;"0";BP400703000056;"5";E;A;;"05";;;;;
CS400703000330;"0";BP400703000128;"6";E;A;;"06";;;;;
CS400703001371;"0";BP400703000663;"0";P;FDB;;"0";2022/02/25 16:15:33;;;;
CS400703000130;"0";BP400703000015;"3";E;A;;"3";;;;;
CS400703000862;"0";BP400703000099;"2";E;A;;"02";;;;;
CS400703000759;"0";BP400703000028;"3";E;A;;"03";;;;;
CS400703001293;"0";BP400703000011;"26";E;A;;"26";;;;;
CS400703000033;"0";BP400703000154;"5";E;A;;"05";;;;;
CS400703000043;"0";BP400703000133;"1";E;A;;"01";;;;;
CS400703000100;"0";BP400703000118;"10";E;A;;"10";;;;;
CS400700000072;"0";BP400703000007;"9";E;A;;"09";;;;;
CS400703000259;"0";BP400703000060;"2";E;A;;"02";;;;;
CS400703000901;"0";BP400703000029;"0";P;FDB;;"0";;;;;
CS400703000788;"0";BP400703000142;"3";E;A;;"03";;;;;
CS400703001003;"0";BP400703000041;"0";P;FDB;;"0";;;;;
CS400703001176;"0";BP400703000126;"6";E;A;;"06";;;;;
CS400703001064;"0";BP400703000170;"0";P;FDB;;"0";;;;;
CS400703000564;"0";BP400703000082;"6";E;A;;"06";;;;;
CS400703000281;"0";BP400703000121;"4";E;A;;"04";;;;;
CS400703000328;"0";BP400703000128;"2";E;A;;"02";;;;;
CS400703000334;"0";BP400703000002;"3";E;A;;"3";;;;;
CS400703001251;"0";BP400703000012;"6";E;A;;"06";;;;;
CS400703000442;"0";BP400703000135;"6";E;A;;"06";;;;;
CS400703000516;"0";BP400703000103;"6";E;A;;"06";;;;;
CS400703000746;"0";BP400703000168;"2";E;A;;"02";;;;;
CS400703000020;"0";BP400703000166;"5";E;A;;"05";;;;;
CS400703000691;"0";BP400703000111;"6";E;A;;"06";;;;;
CS400703001059;"0";BP400703000129;"0";P;FDB;;"0";;;;;
CS400703000127;"0";BP400703000022;"2";E;A;;"2";;;;;
CS400703000714;"0";BP400703000078;"4";E;A;;"04";;;;;
CS400703000706;"0";BP400703000167;"6";E;A;;"06";;;;;
CS400703001017;"0";BP400703000113;"0";P;FDB;;"0";;;;;
CS400703001145;"0";BP400703000033;"19";E;A;;"19";;;;;
CS400703000868;"0";BP400703000151;"3";E;A;;"03";;;;;
CS400703000237;"0";BP400703000018;"2";E;A;;"2";;;;;
CS400703000725;"0";BP400703000046;"4";E;A;;"04";;;;;
CS400703000385;"0";BP400703000010;"2";E;A;;"2";;;;;
CS400703000429;"0";BP400703000066;"4";E;A;;"04";;;;;
CS400703000272;"0";BP400703000032;"12";E;A;;"12";;;;;
CS400703000922;"0";BP400703000113;"1";E;A;;"01";;;;;
CS400703000517;"0";BP400703000103;"4";E;A;;"04";;;;;
CS400703000769;"0";BP400703000063;"2";E;A;;"02";;;;;
CS402078000914;"0";BP402078000004;"1";E;A;;"01";2019/11/06 10:21:03;;ImportGrace-61;;
CS400703001245;"0";BP400703000012;"17";E;A;;"17";;;;;
CS400703000653;"0";BP400703000091;"2";E;A;;"02";;;;;
CS400703001279;"0";BP400703000011;"13";E;A;;"13";;;;;
CS400703001051;"0";BP400703000168;"0";P;FDB;;"0";;;;;
CS400703000758;"0";BP400703000079;"5";E;A;;"05";;;;;
CS400703001284;"0";BP400703000011;"8";E;A;;"08";;;;;
CS400703001347;"0";BP400703000023;"4";E;A;;"04";2021/12/09 11:38:40;;;;
CS400703001053;"0";BP400703000079;"0";P;FDB;;"0";;;;;
CS400703000479;"0";BP400703000073;"4";E;A;;"04";;;;;
CS400703000911;"0";BP400703000166;"0";P;FDB;;"0";;;;;
CS400703000484;"0";BP400703000130;"6";E;A;;"06";;;;;
CS400703001272;"0";BP400703000011;"22";E;A;;"22";;;;;
CS400703000247;"0";BP400703000022;"1";E;A;;"1";;;;;
CS400703000016;"0";BP400703000166;"12";E;A;;"12";;;;;
CS400703000887;"0";BP400703000140;"6";E;A;;"06";;;;;
CS400703000503;"0";BP400703000127;"4";E;A;;"04";;;;;
CS400703000879;"0";BP400703000156;"2";E;A;;"02";;;;;
CS400703000289;"0";BP400703000122;"10";E;A;;"10";;;;;
CS400703000613;"0";BP400703000147;"3";E;A;;"03";;;;;
CS400703001193;"0";BP400703000023;"1";E;A;;"1";;;;;
CS400703000424;"0";BP400703000132;"5";E;A;;"05";;;;;
CS400703000565;"0";BP400703000082;"4";E;A;;"04";;;;;
CS400703000009;"0";BP400703000166;"1";E;A;;"01";;;;;
CS400703000897;"0";BP400703000045;"0";P;FDB;;"0";;;;;
CS400703000225;"0";BP400703000139;"5";E;A;;"05";;;;;
CS402078000834;"0";BP402078000004;"20";E;A;;"20";;;;;
CS400703000716;"0";BP400703000038;"4";E;A;;"04";;;;;
CS400703001192;"0";BP400703000023;"0";P;FDB;;"0";;;;;
CS400703000705;"0";BP400703000167;"3";E;A;;"03";;;;;
CS400703000845;"0";BP400703000065;"6";E;A;;"06";;;;;
CS400703001061;"0";BP400703000112;"0";P;FDB;;"0";;;;;
CS400703000180;"0";BP400703000162;"10";E;A;;"10";;;;;
CS400703000360;"0";BP400703000009;"7";E;A;;"07";;;;;
CS400703000143;"0";BP400703000048;"9";E;A;;"09";;;;;
CS400703001161;"0";BP400703000033;"1";E;A;;"01";;;;;
CS400703000489;"0";BP400703000074;"3";E;A;;"03";;;;;
CS400703000285;"0";BP400703000122;"11";E;A;;"11";;;;;
CS400703000502;"0";BP400703000127;"6";E;A;;"06";;;;;
CS400703000892;"0";BP400703000035;"0";P;FDB;;"0";;;;;
CS400703000318;"0";BP400703000090;"1";E;A;;"01";;;;;
CS400703000848;"0";BP400703000158;"1";E;A;;"01";;;;;
CS400703000675;"0";BP400703000171;"5";E;A;;"05";;;;;
CS400703000305;"0";BP400703000100;"4";E;A;;"04";;;;;
CS400703000242;"0";BP400703000051;"4";E;A;;"04";;;;;
CS400703001275;"0";BP400703000011;"25";E;A;;"25";;;;;
CS400703000017;"0";BP400703000166;"9";E;A;;"09";;;;;
CS402078000837;"0";BP402078000004;"17";E;A;;"17";;;;;
CS400703000510;"0";BP400703000115;"4";E;A;;"04";;;;;
CS400703000930;"0";BP400703000096;"3";E;A;;"03";;;;;
CS400703001046;"0";BP400703000092;"0";P;FDB;;"0";;;;;
CS400703000145;"0";BP400703000048;"2";E;A;;"02";;;;;
CS400703001467;"0";BP400703000677;"4";E;A;;"04";2022/06/02 15:11:02;;;;
CS400703000704;"0";BP400703000167;"2";E;A;;"02";;;;;
CS400703000855;"0";BP400703000164;"2";E;A;;"02";;;;;
CS400703001024;"0";BP400703000158;"0";P;FDB;;"0";;;;;
CS400703000558;"0";BP400703000080;"6";E;A;;"06";;;;;
CS400703001063;"0";BP400703000111;"0";P;FDB;;"0";;;;;
CS400703000483;"0";BP400703000130;"3";E;A;;"03";;;;;
CS400703001203;"0";BP400703000020;"17";E;A;;"17";;;;;
CS400703000011;"0";BP400703000166;"11";E;A;;"11";;;;;
CS400703001319;"0";BP400703000008;"4";E;A;;"04";;;;;
CS400703001345;"0";BP400703000021;"4";E;A;;"04";2021/12/09 10:34:40;;;;
CS400703000934;"0";BP400703000085;"1";E;A;;"01";;;;;
CS400703000236;"0";BP400703000018;"3";E;A;;"3";;;;;
CS400703000747;"0";BP400703000168;"5";E;A;;"05";;;;;
CS400703000131;"0";BP400703000015;"2";E;A;;"2";;;;;
CS400703001074;"0";BP400703000014;"0";P;FDB;;"0";;;;;
CS400703001162;"0";BP400703000033;"2";E;A;;"02";;;;;
CS400703000781;"0";BP400703000144;"2";E;A;;"02";;;;;
CS400703000097;"0";BP400703000161;"6";E;A;;"06";;;;;
CS400703000692;"0";BP400703000111;"4";E;A;;"04";;;;;
CS400703000467;"0";BP400703000134;"2";E;A;;"02";;;;;
CS400703001215;"0";BP400703000020;"11";E;A;;"11";;;;;
CS400703001454;"0";BP400703000675;"6";E;A;;"06";2022/06/02 15:00:22;;;;
CS400703000230;"0";BP400703000107;"2";E;A;;"02";;;;;
CS400703000985;"0";BP400703000009;"0";P;FDB;;"0";;;;;
CS400703000929;"0";BP400703000096;"2";E;A;;"02";;;;;
CS400703001191;"0";BP400703000030;"5";E;A;;"05";;;;;
CS400703001222;"0";BP400703000020;"26";E;A;;"26";;;;;
CS400703000459;"0";BP400703000134;"11";E;A;;"11";;;;;
CS400703001302;"0";BP400703000008;"18";E;A;;"18";;;;;
CS400703000256;"0";BP400703000059;"2";E;A;;"02";;;;;
CS400703000395;"0";BP400703000145;"1";E;A;;"01";;;;;
CS400703000797;"0";BP400703000124;"5";E;A;;"05";;;;;
CS400703001246;"0";BP400703000012;"25";E;A;;"25";;;;;
CS400703001431;"0";BP400703000673;"2";E;A;;"02";2022/06/01 17:43:08;;;;
CS400703000945;"0";BP400703000085;"5";E;A;;"05";;;;;
CS400703001013;"0";BP400703000015;"0";P;FDB;;"0";;;;;
CS400703000142;"0";BP400703000048;"12";E;A;;"12";;;;;
CS400703000982;"0";BP400703000001;"0";P;FDB;;"0";;;;;
CS400703000354;"0";BP400703000009;"8";E;A;;"08";;;;;
CS400703001247;"0";BP400703000012;"21";E;A;;"21";;;;;
CS400703000595;"0";BP400703000104;"2";E;A;;"2";;;;;
CS400703001006;"0";BP400703000107;"0";P;FDB;;"0";;;;;
CS402078000838;"0";BP402078000004;"16";E;A;;"16";;;;;
CS400703000026;"0";BP400703000154;"6";E;A;;"06";;;;;
CS400703000578;"0";BP400703000076;"1";E;A;;"01";;;;;
CS400703001033;"0";BP400703000125;"0";P;FDB;;"0";;;;;
CS400703000649;"0";BP400703000072;"5";E;A;;"05";;;;;
CS400703000787;"0";BP400703000142;"2";E;A;;"02";;;;;
CS400703000209;"0";BP400703000150;"2";E;A;;"02";;;;;
CS400703000384;"0";BP400703000010;"3";E;A;;"3";;;;;
CS400703000778;"0";BP400703000125;"4";E;A;;"04";;;;;
CS400703000445;"0";BP400703000137;"1";E;A;;"01";;;;;
CS400703000208;"0";BP400703000150;"7";E;A;;"07";;;;;
CS400703000045;"0";BP400703000133;"3";E;A;;"03";;;;;
CS400703000025;"0";BP400703000154;"8";E;A;;"08";;;;;
CS400703000873;"0";BP400703000108;"2";E;A;;"02";;;;;
CS400703000924;"0";BP400703000113;"3";E;A;;"03";;;;;
CS400703001436;"0";BP400703000674;"2";E;A;;"02";2022/06/02 14:20:54;;;;
CS400703000044;"0";BP400703000133;"2";E;A;;"02";;;;;
CS400703000833;"0";BP400703000031;"8";E;A;;"08";;;;;
CS400703000579;"0";BP400703000076;"2";E;A;;"02";;;;;
CS400700000073;"0";BP400703000007;"12";E;A;;"12";;;;;
CS400703000939;"0";BP400703000085;"3";E;A;;"03";;;;;
CS400703000178;"0";BP400703000162;"6";E;A;;"06";;;;;
CS400703001297;"0";BP400703000008;"14";E;A;;"14";;;;;
CS400703000994;"0";BP400703000122;"0";P;FDB;;"0";;;;;
CS400703000290;"0";BP400703000122;"12";E;A;;"12";;;;;
CS400703001350;"0";BP400703000016;"4";E;A;;"04";2021/12/09 10:47:07;;;;
CS400703000867;"0";BP400703000151;"2";E;A;;"02";;;;;
CS400703000687;"0";BP400703000089;"4";E;A;;"04";;;;;
CS400703000627;"0";BP400703000109;"2";E;A;;"02";;;;;
CS400703000473;"0";BP400703000083;"4";E;A;;"04";;;;;
CS400703001391;"0";BP400703000669;"1";E;A;;"01";2022/02/25 16:22:59;;;;
CS400703001354;"0";BP400703000014;"4";E;A;;"04";2021/12/10 15:50:58;;;;
CS400703000322;"0";BP400703000067;"2";E;A;;"02";;;;;
CS400703001058;"0";BP400703000091;"0";P;FDB;;"0";;;;;
CS400703000055;"0";BP400703000118;"3";E;A;;"03";;;;;
CS400703000635;"0";BP400703000075;"6";E;A;;"06";;;;;
CS400703000243;"0";BP400703000051;"11";E;A;;"11";;;;;
CS400703000092;"0";BP400703000054;"3";E;A;;"03";;;;;
CS400703000952;"0";BP400703000094;"0";P;FDB;;"0";;;;;
CS400703000280;"0";BP400703000121;"6";E;A;;"06";;;;;
CS400703001199;"0";BP400703000020;"16";E;A;;"16";;;;;
CS400703000593;"0";BP400703000104;"3";E;A;;"3";;;;;
CS400703001252;"0";BP400703000012;"9";E;A;;"09";;;;;
CS400703000737;"0";BP400703000168;"4";E;A;;"04";;;;;
CS400703001263;"0";BP400703000012;"24";E;A;;"24";;;;;
CS400703001243;"0";BP400703000012;"22";E;A;;"22";;;;;
CS400703000040;"0";BP400703000095;"3";E;A;;"03";;;;;
CS400703000435;"0";BP400703000093;"6";E;A;;"06";;;;;
CS400703000400;"0";BP400703000098;"6";E;A;;"06";;;;;
CS400703000342;"0";BP400703000069;"6";E;A;;"06";;;;;
CS400703000655;"0";BP400703000129;"1";E;A;;"01";;;;;
CS400700000085;"0";BP400703000007;"27";E;A;;"27";;;;;
CS400703000404;"0";BP400703000145;"4";E;A;;"04";;;;;
CS400703000989;"0";BP400703000059;"0";P;FDB;;"0";;;;;
CS400703000213;"0";BP400703000097;"3";E;A;;"03";;;;;
CS400703000834;"0";BP400703000031;"6";E;A;;"06";;;;;
CS400703000329;"0";BP400703000128;"3";E;A;;"03";;;;;
CS400700000061;"0";BP400703000007;"16";E;A;;"16";;;;;
CS400703000673;"0";BP400703000171;"7";E;A;;"07";;;;;
CS400703000387;"0";BP400703000040;"4";E;A;;"04";;;;;
CS400703000549;"0";BP400703000084;"1";E;A;;"01";;;;;
CS400703000224;"0";BP400703000139;"4";E;A;;"04";;;;;
CS400700000084;"0";BP400703000007;"26";E;A;;"26";;;;;
CS400703000471;"0";BP400703000083;"3";E;A;;"03";;;;;
CS400703000693;"0";BP400703000111;"5";E;A;;"05";;;;;
CS402078000833;"0";BP402078000004;"13";E;A;;"13";;;;;
CS400703000164;"0";BP400703000036;"3";E;A;;"03";;;;;
CS400703000029;"0";BP400703000154;"12";E;A;;"12";;;;;
CS400703001177;"0";BP400703000126;"4";E;A;;"04";;;;;
CS400703000376;"0";BP400703000127;"5";E;A;;"05";;;;;
CS400703000421;"0";BP400703000132;"3";E;A;;"03";;;;;
CS400703000084;"0";BP400703000163;"2";E;A;;"02";;;;;
CS400700000077;"0";BP400703000007;"11";E;A;;"11";;;;;
CS400703000276;"0";BP400703000032;"5";E;A;;"05";;;;;
CS400703001031;"0";BP400703000155;"0";P;FDB;;"0";;;;;
CS400703000196;"0";BP400703000005;"1";E;A;;"1";;;;;
CS402078000876;"0";BP402078000004;"14";E;A;;"14";;;;;
CS400703001298;"0";BP400703000008;"23";E;A;;"23";;;;;
CS400703001281;"0";BP400703000011;"9";E;A;;"09";;;;;
CS400703000665;"0";BP400703000171;"4";E;A;;"04";;;;;
CS400703000466;"0";BP400703000134;"7";E;A;;"07";;;;;
CS400703001179;"0";BP400703000030;"0";P;FDB;;"0";;;;;
CS400703001164;"0";BP400703000033;"4";E;A;;"04";;;;;
CS400700000078;"0";BP400703000007;"1";E;A;;"01";;;;;
CS400703000560;"0";BP400703000080;"5";E;A;;"05";;;;;
CS400703001028;"0";BP400703000108;"0";P;FDB;;"0";;;;;
CS400703000101;"0";BP400703000118;"12";E;A;;"12";;;;;
CS400703000023;"0";BP400703000154;"4";E;A;;"04";;;;;
CS400703000810;"0";BP400703000141;"1";E;A;;"01";;;;;
CS400700000059;"0";BP400703000007;"14";E;A;;"14";;;;;
CS400700000086;"0";BP400703000007;"28";E;A;;"28";;;;;
CS400703000743;"0";BP400703000168;"12";E;A;;"12";;;;;
CS400703000246;"0";BP400703000051;"3";E;A;;"03";;;;;
CS400703000041;"0";BP400703000095;"4";E;A;;"04";;;;;
CS400703000806;"0";BP400703000143;"3";E;A;;"03";;;;;
CS400703000104;"0";BP400703000118;"2";E;A;;"02";;;;;
CS400703000478;"0";BP400703000073;"6";E;A;;"06";;;;;
CS400703000532;"0";BP400703000094;"2";E;A;;"02";;;;;
CS400703000858;"0";BP400703000164;"4";E;A;;"04";;;;;
CS400703001226;"0";BP400703000013;"1";E;A;;"01";;;;;
CS400703000882;"0";BP400703000156;"4";E;A;;"04";;;;;
CS400703001292;"0";BP400703000011;"24";E;A;;"24";;;;;
CS400703001242;"0";BP400703000012;"19";E;A;;"19";;;;;
CS400703000261;"0";BP400703000060;"3";E;A;;"03";;;;;
CS400703000677;"0";BP400703000112;"2";E;A;;"02";;;;;
CS400703000072;"0";BP400703000021;"2";E;A;;"2";;;;;
CS400703001338;"0";BP400703000136;"1";E;A;;"1";2020/09/30 09:33:47;;;;
CS400703000955;"0";BP400703000084;"0";P;FDB;;"0";;;;;
CS400703000512;"0";BP400703000024;"2";E;A;;"2";;;;;
CS400703000671;"0";BP400703000171;"12";E;A;;"12";;;;;
CS400703000126;"0";BP400703000051;"5";E;A;;"05";;;;;
CS400703001016;"0";BP400703000146;"0";P;FDB;;"0";;;;;
CS400703000297;"0";BP400703000153;"3";E;A;;"03";;;;;
CS400703001175;"0";BP400703000126;"3";E;A;;"03";;;;;
CS400703000668;"0";BP400703000171;"6";E;A;;"06";;;;;
CS400703000477;"0";BP400703000073;"3";E;A;;"03";;;;;
CS400703001309;"0";BP400703000008;"6";E;A;;"06";;;;;
CS400703000959;"0";BP400703000137;"0";P;FDB;;"0";;;;;
CS400703000350;"0";BP400703000105;"5";E;A;;"05";;;;;
CS400703001115;"0";BP400703000068;"0";P;FDB;;"0";;;;;
CS400703000028;"0";BP400703000154;"10";E;A;;"10";;;;;
CS400703000153;"0";BP400703000044;"2";E;A;;"02";;;;;
CS400703000032;"0";BP400703000154;"2";E;A;;"02";;;;;
CS400703000933;"0";BP400703000096;"5";E;A;;"05";;;;;
CS400703001148;"0";BP400703000033;"17";E;A;;"17";;;;;
CS400703000274;"0";BP400703000032;"7";E;A;;"07";;;;;
CS400703001307;"0";BP400703000008;"20";E;A;;"20";;;;;
CS400703000284;"0";BP400703000122;"4";E;A;;"04";;;;;
CS400703000542;"0";BP400703000116;"5";E;A;;"05";;;;;
CS400703000403;"0";BP400703000145;"6";E;A;;"06";;;;;
CS400703000468;"0";BP400703000134;"5";E;A;;"05";;;;;
CS400703001335;"0";BP400703000638;"3";E;A;;"3";;;;;
CS400703001014;"0";BP400703000016;"0";P;FDB;;"0";;;;;
CS400703001270;"0";BP400703000011;"16";E;A;;"16";;;;;
CS400703000306;"0";BP400703000100;"5";E;A;;"05";;;;;
CS400703001047;"0";BP400703000046;"0";P;FDB;;"0";;;;;
CS400703000344;"0";BP400703000069;"5";E;A;;"05";;;;;
CS400703001023;"0";BP400703000065;"0";P;FDB;;"0";;;;;
CS400703001441;"0";BP400703000678;"0";P;FDB;;"0";2022/06/02 15:23:19;;;;
CS400703001238;"0";BP400703000012;"0";P;FDB;;"0";;;;;
CS400703000619;"0";BP400703000070;"2";E;A;;"02";;;;;
CS400703001073;"0";BP400703000070;"0";P;FDB;;"0";;;;;
CS400703000265;"0";BP400703000032;"1";E;A;;"01";;;;;
CS400703000264;"0";BP400703000003;"2";E;A;;"2";;;;;
CS400703001000;"0";BP400703000005;"0";P;FDB;;"0";;;;;
CS400703001261;"0";BP400703000012;"4";E;A;;"04";;;;;
CS400703001461;"0";BP400703000676;"4";E;A;;"04";2022/06/02 15:32:19;;;;
CS400703000636;"0";BP400703000075;"4";E;A;;"04";;;;;
CS400703000896;"0";BP400703000162;"0";P;FDB;;"0";;;;;
CS400703000975;"0";BP400703000132;"0";P;FDB;;"0";;;;;
CS400703001128;"0";BP400703000056;"4";E;A;;"04";;;;;
CS400703000401;"0";BP400703000098;"4";E;A;;"04";;;;;
CS400703001311;"0";BP400703000008;"12";E;A;;"12";;;;;
CS400703000735;"0";BP400703000058;"3";E;A;;"03";;;;;
CS400703000152;"0";BP400703000017;"2";E;A;;"2";;;;;
CS400703000487;"0";BP400703000074;"1";E;A;;"01";;;;;
CS400703000995;"0";BP400703000153;"0";P;FDB;;"0";;;;;
CS400703000324;"0";BP400703000067;"6";E;A;;"06";;;;;
CS400703000970;"0";BP400703000040;"0";P;FDB;;"0";;;;;
CS400703001343;;BP400703000054;"0";P;A;;"0";2021/11/17 14:48:41;;;;
CS400703000200;"0";BP400703000150;"4";E;A;;"04";;;;;
CS400703001262;"0";BP400703000012;"3";E;A;;"03";;;;;
CS400703000777;"0";BP400703000125;"6";E;A;;"06";;;;;
CS400703000865;"0";BP400703000099;"2";E;A;;"02";;;;;
CS400703000580;"0";BP400703000076;"3";E;A;;"03";;;;;
CS400703001394;"0";BP400703000669;"4";E;A;;"04";2022/02/25 16:22:59;;;;
CS400703000886;"0";BP400703000140;"3";E;A;;"03";;;;;
CS400703001318;"0";BP400703000008;"7";E;A;;"07";;;;;
CS400703001310;"0";BP400703000008;"9";E;A;;"09";;;;;
CS400703000279;"0";BP400703000121;"3";E;A;;"03";;;;;
CS400703001151;"0";BP400703000033;"15";E;A;;"15";;;;;
CS400703000869;"0";BP400703000151;"6";E;A;;"06";;;;;
CS400703000331;"0";BP400703000128;"4";E;A;;"04";;;;;
CS400703001048;"0";BP400703000042;"0";P;FDB;;"0";;;;;
CS402078000885;"0";BP402078000004;"8";E;A;;"08";2019/11/06 10:21:03;;ImportGrace-61;;
CS400703000584;"0";BP400703000034;"2";E;A;;"02";;;;;
CS400703001464;"0";BP400703000677;"2";E;A;;"02";2022/06/02 15:11:02;;;;
CS400703000481;"0";BP400703000130;"1";E;A;;"01";;;;;
CS400703001143;"0";BP400703000033;"0";P;FDB;;"0";;;;;
CS400703001207;"0";BP400703000020;"20";E;A;;"20";;;;;
CS400703001369;"0";BP400703000669;"0";P;FDB;;"0";2022/02/25 16:22:59;;;;
CS400703000588;"0";BP400703000106;"2";E;A;;"02";;;;;
CS400703001321;"0";BP400703000008;"24";E;A;;"24";;;;;
CS400703001434;"0";BP400703000674;"0";P;FDB;;"0";2022/06/02 14:20:54;;;;
CS402078000879;"0";BP402078000004;"2";E;A;;"02";2019/11/06 10:21:03;;ImportGrace-61;;
CS400703001451;"0";BP400703000675;"1";E;A;;"01";2022/06/02 15:00:22;;;;
CS400703001141;"0";BP400703000037;"4";E;A;;"04";;;;;
CS400703000559;"0";BP400703000080;"4";E;A;;"04";;;;;
CS400703000874;"0";BP400703000108;"3";E;A;;"03";;;;;
CS400703000160;"0";BP400703000035;"4";E;A;;"04";;;;;
CS400703001282;"0";BP400703000011;"12";E;A;;"12";;;;;
CS400703001424;"0";BP400703000671;"3";E;A;;"03";2022/06/01 17:53:43;;;;
CS400703000951;"0";BP400703000064;"5";E;A;;"05";;;;;
CS400703001393;"0";BP400703000669;"3";E;A;;"03";2022/02/25 16:22:59;;;;
CS400703001077;"0";BP400703000024;"0";P;FDB;;"0";;;;;
CS400703000052;"0";BP400703000118;"11";E;A;;"11";;;;;
CS400703001002;"0";BP400703000097;"0";P;FDB;;"0";;;;;
CS400703000443;"0";BP400703000135;"4";E;A;;"04";;;;;
CS400703000051;"0";BP400703000118;"4";E;A;;"04";;;;;
CS400703001030;"0";BP400703000140;"0";P;FDB;;"0";;;;;
CS400703000630;"0";BP400703000109;"4";E;A;;"04";;;;;
CS400703001111;"0";BP400703000006;"9";E;A;;"09";;;;;
CS400703000340;"0";BP400703000069;"2";E;A;;"02";;;;;
CS400703001133;"0";BP400703000056;"10";E;A;;"10";;;;;
CS400703001402;"0";BP400703000663;"4";E;A;;"04";2022/02/25 16:15:33;;;;
CS400703000830;"0";BP400703000031;"1";E;A;;"01";;;;;
CS400703000341;"0";BP400703000069;"3";E;A;;"03";;;;;
CS400703000399;"0";BP400703000098;"3";E;A;;"03";;;;;
CS400703000233;"0";BP400703000107;"4";E;A;;"04";;;;;
CS400703000436;"0";BP400703000093;"3";E;A;;"03";;;;;
CS400703000657;"0";BP400703000129;"3";E;A;;"03";;;;;
CS400703001158;"0";BP400703000033;"8";E;A;;"08";;;;;
CS400703000708;"0";BP400703000167;"5";E;A;;"05";;;;;
CS400703000432;"0";BP400703000093;"4";E;A;;"04";;;;;
CS400703000754;"0";BP400703000079;"2";E;A;;"02";;;;;
CS400703000694;"0";BP400703000170;"1";E;A;;"01";;;;;
CS400703000135;"0";BP400703000048;"1";E;A;;"01";;;;;
CS400703000645;"0";BP400703000072;"2";E;A;;"02";;;;;
CS400703000514;"0";BP400703000103;"2";E;A;;"02";;;;;
CS400703000162;"0";BP400703000036;"2";E;A;;"02";;;;;
CS400703000447;"0";BP400703000137;"3";E;A;;"03";;;;;
CS400703001287;"0";BP400703000011;"1";E;A;;"01";;;;;
CS400703000727;"0";BP400703000025;"2";E;A;;"02";;;;;
CS400703001271;"0";BP400703000011;"19";E;A;;"19";;;;;
CS400703000586;"0";BP400703000034;"3";E;A;;"03";;;;;
CS400703000312;"0";BP400703000093;"7";E;A;;"07";;;;;
CS400703001140;"0";BP400703000037;"2";E;A;;"02";;;;;
CS400703000381;"0";BP400703000131;"4";E;A;;"04";;;;;
CS400703001044;"0";BP400703000078;"0";P;FDB;;"0";;;;;
CS400703000973;"0";BP400703000098;"0";P;FDB;;"0";;;;;
CS400703001149;"0";BP400703000033;"25";E;A;;"25";;;;;
CS400703001186;"0";BP400703000030;"10";E;A;;"10";;;;;
CS400703001195;"0";BP400703000023;"2";E;A;;"2";;;;;
CS400703000594;"0";BP400703000104;"1";E;A;;"1";;;;;
CS400703001007;"0";BP400703000018;"0";P;FDB;;"0";;;;;
CS400703000257;"0";BP400703000059;"4";E;A;;"04";;;;;
CS400703001134;"0";BP400703000056;"12";E;A;;"12";;;;;
CS400703000676;"0";BP400703000112;"1";E;A;;"01";;;;;
CS400703001055;"0";BP400703000075;"0";P;FDB;;"0";;;;;
CS400703000618;"0";BP400703000070;"3";E;A;;"03";;;;;
CS400703000748;"0";BP400703000043;"2";E;A;;"02";;;;;
CS400703001155;"0";BP400703000033;"9";E;A;;"09";;;;;
CS400703000096;"0";BP400703000161;"3";E;A;;"03";;;;;
CS400703000776;"0";BP400703000125;"3";E;A;;"03";;;;;
CS400703000091;"0";BP400703000054;"1";E;A;;"01";;;;;
CS400703001433;"0";BP400703000672;"0";P;FDB;;"0";2022/06/01 17:34:09;;;;
CS400703000917;"0";BP400703000146;"2";E;A;;"02";;;;;
CS400703001313;"0";BP400703000008;"8";E;A;;"08";;;;;
CS400703000355;"0";BP400703000009;"6";E;A;;"06";;;;;
CS400703000674;"0";BP400703000171;"2";E;A;;"02";;;;;
CS400703000842;"0";BP400703000065;"1";E;A;;"01";;;;;
CS400703001314;"0";BP400703000008;"10";E;A;;"10";;;;;
CS402078000888;"0";BP402078000004;"11";E;A;;"11";2019/11/06 10:21:03;;ImportGrace-61;;
CS400703000316;"0";BP400703000090;"3";E;A;;"03";;;;;
CS400703000147;"0";BP400703000057;"2";E;A;;"02";;;;;
CS400703000744;"0";BP400703000168;"9";E;A;;"09";;;;;
CS400703001240;"0";BP400703000012;"23";E;A;;"23";;;;;
CS400703001455;"0";BP400703000675;"4";E;A;;"04";2022/06/02 15:00:22;;;;
CS400703000462;"0";BP400703000134;"3";E;A;;"03";;;;;
CS400703000182;"0";BP400703000162;"9";E;A;;"09";;;;;
CS400703001201;"0";BP400703000020;"22";E;A;;"22";;;;;
CS400703000217;"0";BP400703000041;"2";E;A;;"02";;;;;
CS400703000784;"0";BP400703000144;"4";E;A;;"04";;;;;
CS400703000270;"0";BP400703000032;"3";E;A;;"03";;;;;
CS400703000980;"0";BP400703000128;"0";P;FDB;;"0";;;;;
CS400703000964;"0";BP400703000130;"0";P;FDB;;"0";;;;;
CS400703000617;"0";BP400703000070;"4";E;A;;"04";;;;;
CS400703000905;"0";BP400703000054;"0";P;FDB;;"0";;;;;
CS400703001253;"0";BP400703000012;"12";E;A;;"12";;;;;
CS400703000667;"0";BP400703000171;"8";E;A;;"08";;;;;
CS400703000219;"0";BP400703000041;"3";E;A;;"03";;;;;
CS400703000050;"0";BP400703000118;"1";E;A;;"01";;;;;
CS400703001116;"0";BP400703000068;"1";E;A;;"01";;;;;
CS400703000440;"0";BP400703000135;"2";E;A;;"02";;;;;
CS400703000262;"0";BP400703000003;"1";E;A;;"1";;;;;
CS400703001004;"0";BP400703000139;"0";P;FDB;;"0";;;;;
CS400703001160;"0";BP400703000033;"11";E;A;;"11";;;;;
CS400703000947;"0";BP400703000064;"2";E;A;;"02";;;;;
CS400703000238;"0";BP400703000053;"1";E;A;;"1";;;;;
CS400703000634;"0";BP400703000075;"3";E;A;;"03";;;;;
CS400703000838;"0";BP400703000031;"9";E;A;;"09";;;;;
CS400703001392;"0";BP400703000669;"2";E;A;;"02";2022/02/25 16:22:59;;;;
CS400703000053;"0";BP400703000118;"8";E;A;;"08";;;;;
CS402078000877;"0";BP402078000004;"0";E;FDB;;"0";2019/11/06 10:21:03;;ImportGrace-61;;
CS400703001288;"0";BP400703000011;"2";E;A;;"02";;;;;
CS400703000799;"0";BP400703000157;"2";E;A;;"02";;;;;
CS400703001442;"0";BP400703000677;"5";E;A;;"05";2022/06/02 15:11:02;;;;
CS400703000925;"0";BP400703000113;"6";E;A;;"06";;;;;
CS400703000962;"0";BP400703000083;"0";P;FDB;;"0";;;;;
CS400703000439;"0";BP400703000093;"9";E;A;;"09";;;;;
CS400703000218;"0";BP400703000041;"4";E;A;;"04";;;;;
CS400703000308;"0";BP400703000149;"2";E;A;;"02";;;;;
CS400703000531;"0";BP400703000094;"1";E;A;;"01";;;;;
CS400703000509;"0";BP400703000115;"6";E;A;;"06";;;;;
CS400703000273;"0";BP400703000032;"9";E;A;;"09";;;;;
CS400703001276;"0";BP400703000011;"21";E;A;;"21";;;;;
CS400703000912;"0";BP400703000154;"0";P;FDB;;"0";;;;;
CS400703000718;"0";BP400703000092;"4";E;A;;"04";;;;;
CS400703000090;"0";BP400703000047;"3";E;A;;"03";;;;;
CS400703000386;"0";BP400703000040;"2";E;A;;"02";;;;;
CS400703001057;"0";BP400703000072;"0";P;FDB;;"0";;;;;
CS400703000176;"0";BP400703000162;"11";E;A;;"11";;;;;
CS400703000124;"0";BP400703000051;"7";E;A;;"07";;;;;
CS400703000615;"0";BP400703000147;"4";E;A;;"04";;;;;
CS400703000710;"0";BP400703000078;"1";E;A;;"01";;;;;
CS400703000359;"0";BP400703000009;"9";E;A;;"09";;;;;
CS400703001236;"0";BP400703000013;"2";E;A;;"02";;;;;
CS400703000804;"0";BP400703000143;"1";E;A;;"01";;;;;
CS400703001301;"0";BP400703000008;"22";E;A;;"22";;;;;
CS400703000492;"0";BP400703000074;"5";E;A;;"05";;;;;
CS400703000931;"0";BP400703000096;"6";E;A;;"06";;;;;
CS400703001401;"0";BP400703000663;"3";E;A;;"03";2022/02/25 16:15:33;;;;
CS400703000098;"0";BP400703000161;"4";E;A;;"04";;;;;
CS400703001072;"0";BP400703000147;"0";P;FDB;;"0";;;;;
CS400703000889;"0";BP400703000017;"0";P;FDB;;"0";;;;;
CS400703000920;"0";BP400703000146;"4";E;A;;"04";;;;;
CS400703000438;"0";BP400703000093;"12";E;A;;"12";;;;;
CS400703001228;"0";BP400703000013;"11";E;A;;"11";;;;;
CS400703000569;"0";BP400703000170;"8";E;A;;"08";;;;;
CS400703000841;"0";BP400703000031;"5";E;A;;"05";;;;;
CS400703000129;"0";BP400703000015;"1";E;A;;"1";;;;;
CS400703000093;"0";BP400703000054;"2";E;A;;"02";;;;;
CS400703000239;"0";BP400703000053;"3";E;A;;"3";;;;;
CS400703001127;"0";BP400703000056;"1";E;A;;"01";;;;;
CS400703001026;"0";BP400703000099;"0";P;FDB;;"0";;;;;
CS400703000891;"0";BP400703000026;"0";P;FDB;;"0";;;;;
CS400703001235;"0";BP400703000013;"7";E;A;;"07";;;;;
CS400703000094;"0";BP400703000161;"1";E;A;;"01";;;;;
CS400703001163;"0";BP400703000033;"7";E;A;;"07";;;;;
CS400703000614;"0";BP400703000147;"6";E;A;;"06";;;;;
CS400703000609;"0";BP400703000004;"3";E;A;;"3";;;;;
CS400703000824;"0";BP400703000159;"1";E;A;;"01";;;;;
CS400703000571;"0";BP400703000170;"3";E;A;;"03";;;;;
CS400703000463;"0";BP400703000134;"10";E;A;;"10";;;;;
CS400703001050;"0";BP400703000058;"0";P;FDB;;"0";;;;;
CS400703000949;"0";BP400703000064;"6";E;A;;"06";;;;;
CS400703000660;"0";BP400703000129;"5";E;A;;"05";;;;;
CS400703001290;"0";BP400703000011;"4";E;A;;"04";;;;;
CS400703000380;"0";BP400703000131;"6";E;A;;"06";;;;;
CS400703001104;"0";BP400703000006;"4";E;A;;"04";;;;;
CS400703000283;"0";BP400703000122;"1";E;A;;"01";;;;;
CS400703000856;"0";BP400703000164;"3";E;A;;"03";;;;;
CS400703000794;"0";BP400703000124;"3";E;A;;"03";;;;;
CS400703000351;"0";BP400703000009;"1";E;A;;"01";;;;;
CS400703001249;"0";BP400703000012;"20";E;A;;"20";;;;;
CS400703001040;"0";BP400703000165;"0";P;FDB;;"0";;;;;
CS400703000317;"0";BP400703000090;"2";E;A;;"02";;;;;
CS400703001355;"0";BP400703000010;"4";E;A;;"04";2021/12/10 15:54:04;;;;
CS400703001344;"0";BP400703000024;"4";E;A;;"04";2021/12/09 11:50:16;;;;
CS400703000813;"0";BP400703000141;"6";E;A;;"06";;;;;
CS400703000123;"0";BP400703000051;"9";E;A;;"09";;;;;
CS400703000786;"0";BP400703000142;"1";E;A;;"01";;;;;
CS400703000662;"0";BP400703000091;"4";E;A;;"04";;;;;
CS400703000010;"0";BP400703000166;"4";E;A;;"04";;;;;
CS400703000433;"0";BP400703000093;"11";E;A;;"11";;;;;
CS400703000885;"0";BP400703000140;"2";E;A;;"02";;;;;
CS400703001182;"0";BP400703000030;"11";E;A;;"11";;;;;
CS400703001430;"0";BP400703000673;"1";E;A;;"01";2022/06/01 17:43:08;;;;
CS400703000488;"0";BP400703000074;"2";E;A;;"02";;;;;
CS400703000425;"0";BP400703000066;"1";E;A;;"01";;;;;
CS400703001444;"0";BP400703000677;"0";P;FDB;;"0";2022/06/02 15:11:02;;;;
CS400703000235;"0";BP400703000018;"1";E;A;;"1";;;;;
CS400703000575;"0";BP400703000170;"7";E;A;;"07";;;;;
CS400703000854;"0";BP400703000164;"1";E;A;;"01";;;;;
CS400703000707;"0";BP400703000167;"4";E;A;;"04";;;;;
CS400703000088;"0";BP400703000047;"2";E;A;;"02";;;;;
CS400703000942;"0";BP400703000085;"9";E;A;;"09";;;;;
CS400703001220;"0";BP400703000020;"3";E;A;;"03";;;;;
CS400703000857;"0";BP400703000164;"6";E;A;;"06";;;;;
CS400703001159;"0";BP400703000033;"10";E;A;;"10";;;;;
CS400703000370;"0";BP400703000061;"4";E;A;;"04";;;;;
CS400700000083;"0";BP400703000007;"24";E;A;;"24";;;;;
CS400703001446;"0";BP400703000678;"2";E;A;;"02";2022/06/02 15:23:19;;;;
CS400703000267;"0";BP400703000032;"11";E;A;;"11";;;;;
CS400703000529;"0";BP400703000169;"2";E;A;;"02";;;;;
CS400703001214;"0";BP400703000020;"10";E;A;;"10";;;;;
CS400703000012;"0";BP400703000166;"8";E;A;;"08";;;;;
CS400703000981;"0";BP400703000002;"0";P;FDB;;"0";;;;;
CS400703001361;"0";BP400703000049;"4";E;A;;"04";2021/12/10 14:33:21;;;;
CS400703001364;"0";BP400703000104;"4";E;A;;"4";2022/02/23 17:10:18;;;;
CS400703000555;"0";BP400703000080;"1";E;A;;"01";;;;;
CS400703001346;"0";BP400703000019;"4";E;A;;"04";2021/12/09 10:40:31;;;;
CS400703000232;"0";BP400703000107;"6";E;A;;"06";;;;;
CS400703001360;"0";BP400703000001;"4";E;A;;"04";2021/12/10 16:10:52;;;;
CS400700000071;"0";BP400703000007;"6";E;A;;"06";;;;;
CS400703001169;"0";BP400703000033;"28";E;A;;"28";;;;;
CS400703001308;"0";BP400703000008;"13";E;A;;"13";;;;;
CS400703000291;"0";BP400703000122;"9";E;A;;"09";;;;;
CS400703000853;"0";BP400703000158;"5";E;A;;"05";;;;;
CS400703001400;"0";BP400703000663;"2";E;A;;"02";2022/02/25 16:15:33;;;;
CS400703001124;"0";BP400703000062;"4";E;A;;"04";;;;;
CS400703001060;"0";BP400703000171;"0";P;FDB;;"0";;;;;
CS400703000941;"0";BP400703000085;"12";E;A;;"12";;;;;
CS400703000938;"0";BP400703000085;"6";E;A;;"06";;;;;
CS400703000795;"0";BP400703000124;"6";E;A;;"06";;;;;
CS400703001021;"0";BP400703000159;"0";P;FDB;;"0";;;;;
CS400703000567;"0";BP400703000135;"1";E;A;;"01";;;;;
CS400703000353;"0";BP400703000009;"11";E;A;;"11";;;;;
CS400703000760;"0";BP400703000140;"4";E;A;;"04";;;;;
CS400703000756;"0";BP400703000079;"6";E;A;;"06";;;;;
CS400703000872;"0";BP400703000108;"1";E;A;;"01";;;;;
CS400703000963;"0";BP400703000073;"0";P;FDB;;"0";;;;;
CS400703001211;"0";BP400703000020;"12";E;A;;"12";;;;;
CS400703000968;"0";BP400703000131;"0";P;FDB;;"0";;;;;
CS400703000039;"0";BP400703000110;"5";E;A;;"05";;;;;
CS400703000566;"0";BP400703000082;"5";E;A;;"05";;;;;
CS400703001190;"0";BP400703000030;"2";E;A;;"02";;;;;
CS400703000282;"0";BP400703000121;"5";E;A;;"05";;;;;
CS400703000541;"0";BP400703000116;"4";E;A;;"04";;;;;
CS400703001135;"0";BP400703000056;"9";E;A;;"09";;;;;
CS400703001237;"0";BP400703000013;"5";E;A;;"05";;;;;
CS400703001113;"0";BP400703000006;"2";E;A;;"02";;;;;
CS400703001341;"0";BP400703000136;"2";E;A;;"2";2020/09/30 09:33:47;;;;
CS400703000844;"0";BP400703000065;"3";E;A;;"03";;;;;
CS400703000034;"0";BP400703000110;"1";E;A;;"01";;;;;
CS400703000382;"0";BP400703000131;"5";E;A;;"05";;;;;
CS400703000764;"0";BP400703000155;"3";E;A;;"03";;;;;
CS400703000903;"0";BP400703000163;"0";P;FDB;;"0";;;;;
CS400703001066;"0";BP400703000034;"0";P;FDB;;"0";;;;;
CS400700000082;"0";BP400703000007;"3";E;A;;"03";;;;;
CS400703000457;"0";BP400703000134;"1";E;A;;"01";;;;;
CS400703000054;"0";BP400703000118;"6";E;A;;"06";;;;;
CS400703001295;"0";BP400703000011;"28";E;A;;"28";;;;;
CS400703000311;"0";BP400703000149;"4";E;A;;"04";;;;;
CS400703000027;"0";BP400703000154;"3";E;A;;"03";;;;;
CS400703000174;"0";BP400703000162;"1";E;A;;"01";;;;;
CS402078000835;"0";BP402078000004;"19";E;A;;"19";;;;;
CS400703000413;"0";BP400703000098;"5";E;A;;"05";;;;;
CS400703001331;"0";BP400703000101;"5";E;A;;"05";;;;;
CS400703000070;"0";BP400703000021;"1";E;A;;"1";;;;;
CS400703000379;"0";BP400703000131;"3";E;A;;"03";;;;;
CS400703000221;"0";BP400703000139;"2";E;A;;"02";;;;;
CS400703000612;"0";BP400703000147;"2";E;A;;"02";;;;;
CS400703000550;"0";BP400703000084;"2";E;A;;"02";;;;;
CS400703000840;"0";BP400703000031;"2";E;A;;"02";;;;;
CS400703000647;"0";BP400703000072;"6";E;A;;"06";;;;;
CS400703000482;"0";BP400703000130;"2";E;A;;"02";;;;;
CS400703000928;"0";BP400703000096;"1";E;A;;"01";;;;;
CS400703000014;"0";BP400703000166;"3";E;A;;"03";;;;;
CS400703000608;"0";BP400703000004;"1";E;A;;"1";;;;;
CS400703001202;"0";BP400703000020;"18";E;A;;"18";;;;;
CS400703000937;"0";BP400703000085;"8";E;A;;"08";;;;;
CS400703000880;"0";BP400703000156;"3";E;A;;"03";;;;;
CS400703001118;"0";BP400703000068;"3";E;A;;"03";;;;;
CS400703001299;"0";BP400703000008;"16";E;A;;"16";;;;;
CS400703000631;"0";BP400703000109;"5";E;A;;"05";;;;;
CS400703000204;"0";BP400703000150;"3";E;A;;"03";;;;;
CS400703000309;"0";BP400703000149;"3";E;A;;"03";;;;;
CS400703000167;"0";BP400703000039;"3";E;A;;"03";;;;;
CS400703001041;"0";BP400703000055;"0";P;FDB;;"0";;;;;
CS400703000199;"0";BP400703000150;"1";E;A;;"01";;;;;
CS400703000772;"0";BP400703000063;"4";E;A;;"04";;;;;
CS400703000686;"0";BP400703000089;"6";E;A;;"06";;;;;
CS400700000060;"0";BP400703000007;"0";P;FDB;;"0";;;;;
CS400703000811;"0";BP400703000141;"2";E;A;;"02";;;;;
CS400703000987;"0";BP400703000061;"0";P;FDB;;"0";;;;;
CS400703000038;"0";BP400703000110;"4";E;A;;"04";;;;;
CS400703000984;"0";BP400703000105;"0";P;FDB;;"0";;;;;
CS400703001216;"0";BP400703000020;"1";E;A;;"01";;;;;
CS400703000850;"0";BP400703000158;"3";E;A;;"03";;;;;
CS400703000712;"0";BP400703000078;"3";E;A;;"03";;;;;
CS402078000831;"0";BP402078000004;"15";E;A;;"15";;;;;
CS400703000812;"0";BP400703000141;"3";E;A;;"03";;;;;
CS400703000670;"0";BP400703000171;"10";E;A;;"10";;;;;
CS400703000035;"0";BP400703000110;"2";E;A;;"02";;;;;
CS400703001167;"0";BP400703000033;"26";E;A;;"26";;;;;
CS400703001198;"0";BP400703000020;"23";E;A;;"23";;;;;
CS400703001027;"0";BP400703000151;"0";P;FDB;;"0";;;;;
CS400703000709;"0";BP400703000038;"2";E;A;;"02";;;;;
CS400703001421;"0";BP400703000673;"0";P;FDB;;"0";2022/06/01 17:43:08;;;;
CS400703001445;"0";BP400703000678;"1";E;A;;"01";2022/06/02 15:23:19;;;;
CS400703000278;"0";BP400703000121;"2";E;A;;"02";;;;;
CS400703000197;"0";BP400703000005;"3";E;A;;"3";;;;;
CS400703001156;"0";BP400703000033;"12";E;A;;"12";;;;;
CS400703001126;"0";BP400703000056;"0";P;FDB;;"0";;;;;
CS400703000763;"0";BP400703000155;"2";E;A;;"02";;;;;
CS400703000460;"0";BP400703000134;"8";E;A;;"08";;;;;
CS400703000633;"0";BP400703000075;"2";E;A;;"02";;;;;
CS400703001337;"0";BP400703000638;"0";P;FDB;;"0";;;;;
CS400703000229;"0";BP400703000107;"1";E;A;;"01";;;;;
CS400703000798;"0";BP400703000157;"1";E;A;;"01";;;;;
CS400703000583;"0";BP400703000076;"5";E;A;;"05";;;;;
CS400703000961;"0";BP400703000134;"0";P;FDB;;"0";;;;;
CS400703000825;"0";BP400703000159;"2";E;A;;"02";;;;;
CS400703001209;"0";BP400703000020;"6";E;A;;"06";;;;;
CS400703001079;"0";BP400703000169;"0";P;FDB;;"0";;;;;
CS400703000944;"0";BP400703000085;"2";E;A;;"02";;;;;
CS400703000203;"0";BP400703000150;"6";E;A;;"06";;;;;
CS400703000664;"0";BP400703000171;"1";E;A;;"01";;;;;
CS400703000476;"0";BP400703000073;"2";E;A;;"02";;;;;
CS400703001172;"0";BP400703000126;"0";P;FDB;;"0";;;;;
CS400703000302;"0";BP400703000100;"2";E;A;;"02";;;;;
CS400703000231;"0";BP400703000107;"3";E;A;;"03";;;;;
CS400703000765;"0";BP400703000155;"6";E;A;;"06";;;;;
CS400703000485;"0";BP400703000130;"4";E;A;;"04";;;;;
CS400703000505;"0";BP400703000115;"2";E;A;;"02";;;;;
CS400703001432;"0";BP400703000673;"3";E;A;;"03";2022/06/01 17:43:08;;;;
CS400703000075;"0";BP400703000029;"3";E;A;;"03";;;;;
CS400703001187;"0";BP400703000030;"12";E;A;;"12";;;;;
CS400703000828;"0";BP400703000159;"4";E;A;;"04";;;;;
CS400703000295;"0";BP400703000153;"1";E;A;;"01";;;;;
CS400703001317;"0";BP400703000008;"2";E;A;;"02";;;;;
CS400703000222;"0";BP400703000139;"3";E;A;;"03";;;;;
CS400703000461;"0";BP400703000134;"6";E;A;;"06";;;;;
CS400703001322;"0";BP400703000008;"26";E;A;;"26";;;;;
CS400703000303;"0";BP400703000100;"3";E;A;;"03";;;;;
CS400703001450;"0";BP400703000678;"5";E;A;;"05";2022/06/02 15:23:19;;;;
CS400703000501;"0";BP400703000127;"3";E;A;;"03";;;;;
CS400703001049;"0";BP400703000025;"0";P;FDB;;"0";;;;;
CS400703001349;"0";BP400703000022;"4";E;A;;"04";2021/12/09 11:13:25;;;;
CS400703001468;"0";BP400703000675;"0";P;FDB;;"0";2022/06/02 15:00:22;;;;
CS400703000293;"0";BP400703000122;"2";E;A;;"02";;;;;
CS400703000768;"0";BP400703000063;"1";E;A;;"01";;;;;
CS400703000846;"0";BP400703000065;"4";E;A;;"04";;;;;
CS400703001035;"0";BP400703000142;"0";P;FDB;;"0";;;;;
CS400703000793;"0";BP400703000124;"2";E;A;;"02";;;;;
CS400703001174;"0";BP400703000126;"2";E;A;;"02";;;;;
CS400703000915;"0";BP400703000133;"0";P;FDB;;"0";;;;;
CS400703000648;"0";BP400703000072;"4";E;A;;"04";;;;;
CS400703001352;"0";BP400703000638;"4";E;A;;"04";2021/12/10 11:54:38;;;;
CS400703000245;"0";BP400703000051;"6";E;A;;"06";;;;;
CS400703000083;"0";BP400703000163;"3";E;A;;"03";;;;;
CS400703000258;"0";BP400703000059;"3";E;A;;"03";;;;;
CS400703001438;"0";BP400703000674;"6";E;A;;"06";2022/06/02 14:20:54;;;;
CS400703000202;"0";BP400703000150;"8";E;A;;"08";;;;;
CS400703000839;"0";BP400703000031;"7";E;A;;"07";;;;;
CS400703001221;"0";BP400703000020;"24";E;A;;"24";;;;;
CS400703000345;"0";BP400703000105;"1";E;A;;"01";;;;;
CS400703000058;"0";BP400703000045;"2";E;A;;"02";;;;;
CS400703001359;"0";BP400703000002;"4";E;A;;"04";2021/12/10 16:08:03;;;;
CS400703001329;"0";BP400703000101;"6";E;A;;"06";;;;;
CS400703001043;"0";BP400703000167;"0";P;FDB;;"0";;;;;
CS400703001052;"0";BP400703000043;"0";P;FDB;;"0";;;;;
CS400703001008;"0";BP400703000053;"0";P;FDB;;"0";;;;;
CS400703001353;"0";BP400703000015;"4";E;A;;"04";2021/12/10 15:36:45;;;;
CS400703000522;"0";BP400703000169;"8";E;A;;"08";;;;;
CS400703000161;"0";BP400703000035;"3";E;A;;"03";;;;;
CS400703000623;"0";BP400703000014;"1";E;A;;"1";;;;;
CS400703000402;"0";BP400703000145;"3";E;A;;"03";;;;;
CS400703001032;"0";BP400703000063;"0";P;FDB;;"0";;;;;
CS400703000780;"0";BP400703000144;"1";E;A;;"01";;;;;
CS400703000832;"0";BP400703000031;"11";E;A;;"11";;;;;
CS400700000069;"0";BP400703000007;"20";E;A;;"20";;;;;
CS400703000757;"0";BP400703000079;"4";E;A;;"04";;;;;
CS400703001136;"0";BP400703000056;"7";E;A;;"07";;;;;
CS400703001435;"0";BP400703000674;"1";E;A;;"01";2022/06/02 14:20:54;;;;
CS400703000315;"0";BP400703000090;"4";E;A;;"04";;;;;
CS400703000431;"0";BP400703000093;"1";E;A;;"01";;;;;
CS400703001166;"0";BP400703000033;"24";E;A;;"24";;;;;
CS400703000721;"0";BP400703000092;"1";E;A;;"01";;;;;
CS400703000684;"0";BP400703000089;"2";E;A;;"02";;;;;
CS400703000773;"0";BP400703000063;"5";E;A;;"05";;;;;
CS400703000346;"0";BP400703000105;"2";E;A;;"02";;;;;
CS400703000871;"0";BP400703000151;"5";E;A;;"05";;;;;
CS400703000836;"0";BP400703000031;"10";E;A;;"10";;;;;
CS400703000227;"0";BP400703000049;"3";E;A;;"3";;;;;
CS400703000843;"0";BP400703000065;"2";E;A;;"02";;;;;
CS400703000993;"0";BP400703000121;"0";P;FDB;;"0";;;;;
CS400703000610;"0";BP400703000004;"2";E;A;;"2";;;;;
CS400703000936;"0";BP400703000085;"11";E;A;;"11";;;;;
CS400703000148;"0";BP400703000057;"4";E;A;;"04";;;;;
CS400703000782;"0";BP400703000144;"3";E;A;;"03";;;;;
CS400703000990;"0";BP400703000060;"0";P;FDB;;"0";;;;;
CS400703000056;"0";BP400703000162;"2";E;A;;"02";;;;;
CS400703000037;"0";BP400703000110;"6";E;A;;"06";;;;;
CS400703000469;"0";BP400703000083;"1";E;A;;"01";;;;;
CS400703001316;"0";BP400703000008;"1";E;A;;"01";;;;;
CS400703001278;"0";BP400703000011;"20";E;A;;"20";;;;;
CS400703001462;"0";BP400703000676;"5";E;A;;"05";2022/06/02 15:32:19;;;;
CS400703000792;"0";BP400703000124;"1";E;A;;"01";;;;;
CS400703001457;"0";BP400703000676;"1";E;A;;"01";2022/06/02 15:32:19;;;;
CS400703000046;"0";BP400703000133;"6";E;A;;"06";;;;;
CS402078000884;"0";BP402078000004;"7";E;A;;"07";2019/11/06 10:21:03;;ImportGrace-61;;
CS400703000150;"0";BP400703000017;"1";E;A;;"1";;;;;
CS400703000894;"0";BP400703000039;"0";P;FDB;;"0";;;;;
CS400703001325;"0";BP400703000101;"0";P;FDB;;"0";;;;;
CS400703001180;"0";BP400703000030;"1";E;A;;"01";;;;;
CS400703000294;"0";BP400703000122;"5";E;A;;"05";;;;;
CS400703001146;"0";BP400703000033;"22";E;A;;"22";;;;;
CS400703000013;"0";BP400703000166;"6";E;A;;"06";;;;;
CS400703000801;"0";BP400703000157;"6";E;A;;"06";;;;;
CS400703001351;"0";BP400703000136;"4";E;A;;"04";2021/12/09 15:49:12;;;;
CS400703001342;"0";BP400703000054;"4";E;A;;"04";2021/11/17 14:28:49;;;;
CS400703000036;"0";BP400703000110;"3";E;A;;"03";;;;;
CS400703000449;"0";BP400703000137;"4";E;A;;"04";;;;;
CS400703000789;"0";BP400703000142;"6";E;A;;"06";;;;;
CS400703000646;"0";BP400703000072;"3";E;A;;"03";;;;;
CS400703000831;"0";BP400703000031;"4";E;A;;"04";;;;;
CS400703000893;"0";BP400703000036;"0";P;FDB;;"0";;;;;
CS400703001200;"0";BP400703000020;"19";E;A;;"19";;;;;
CS400703000277;"0";BP400703000121;"1";E;A;;"01";;;;;
CS400703000198;"0";BP400703000005;"2";E;A;;"2";;;;;
CS400703001122;"0";BP400703000062;"0";P;FDB;;"0";;;;;
CS400703000877;"0";BP400703000108;"5";E;A;;"05";;;;;
CS402078000836;"0";BP402078000004;"18";E;A;;"18";;;;;
CS400703000958;"0";BP400703000135;"0";P;FDB;;"0";;;;;
CS400703001039;"0";BP400703000141;"0";P;FDB;;"0";;;;;
CS400703000681;"0";BP400703000112;"5";E;A;;"05";;;;;
CS400703000626;"0";BP400703000109;"1";E;A;;"01";;;;;
CS400703000448;"0";BP400703000137;"6";E;A;;"06";;;;;
CS400703001173;"0";BP400703000126;"1";E;A;;"01";;;;;
CS400703001289;"0";BP400703000011;"7";E;A;;"07";;;;;
CS400703000154;"0";BP400703000044;"4";E;A;;"04";;;;;
CS400703000592;"0";BP400703000106;"5";E;A;;"05";;;;;
CS400703000323;"0";BP400703000067;"3";E;A;;"03";;;;;
CS400703000163;"0";BP400703000036;"4";E;A;;"04";;;;;
CS400703001125;"0";BP400703000062;"3";E;A;;"03";;;;;
CS400703001219;"0";BP400703000020;"4";E;A;;"04";;;;;
CS400703001241;"0";BP400703000012;"16";E;A;;"16";;;;;
CS400703001232;"0";BP400703000013;"10";E;A;;"10";;;;;
CS400703001244;"0";BP400703000012;"18";E;A;;"18";;;;;
CS400703000530;"0";BP400703000169;"5";E;A;;"05";;;;;
CS400703000214;"0";BP400703000097;"6";E;A;;"06";;;;;
CS400703000730;"0";BP400703000042;"3";E;A;;"03";;;;;
CS400703000125;"0";BP400703000051;"2";E;A;;"02";;;;;
CS400703000061;"0";BP400703000019;"1";E;A;;"1";;;;;
CS400703001078;"0";BP400703000103;"0";P;FDB;;"0";;;;;
CS400703001217;"0";BP400703000020;"2";E;A;;"02";;;;;
CS400703000369;"0";BP400703000061;"2";E;A;;"02";;;;;
CS400703001320;"0";BP400703000008;"3";E;A;;"03";;;;;
CS400703001065;"0";BP400703000076;"0";P;FDB;;"0";;;;;
CS400703000632;"0";BP400703000075;"1";E;A;;"01";;;;;
CS400703000803;"0";BP400703000157;"5";E;A;;"05";;;;;
CS400703000060;"0";BP400703000045;"3";E;A;;"03";;;;;
CS400703000624;"0";BP400703000014;"3";E;A;;"3";;;;;
CS400703001266;"0";BP400703000012;"28";E;A;;"28";;;;;
CS400703000864;"0";BP400703000099;"1";E;A;;"01";;;;;
CS400703000220;"0";BP400703000139;"1";E;A;;"01";;;;;
CS400703000527;"0";BP400703000169;"9";E;A;;"09";;;;;
CS400703000679;"0";BP400703000112;"6";E;A;;"06";;;;;
CS400703000184;"0";BP400703000149;"5";E;A;;"05";;;;;
CS400703000383;"0";BP400703000010;"1";E;A;;"1";;;;;
CS400703000015;"0";BP400703000166;"10";E;A;;"10";;;;;
CS400703001019;"0";BP400703000085;"0";P;FDB;;"0";;;;;
CS400703000508;"0";BP400703000115;"3";E;A;;"03";;;;;
CS400703000591;"0";BP400703000106;"4";E;A;;"04";;;;;
CS400703000223;"0";BP400703000139;"6";E;A;;"06";;;;;
CS400703000969;"0";BP400703000010;"0";P;FDB;;"0";;;;;
CS400703001034;"0";BP400703000144;"0";P;FDB;;"0";;;;;
CS400703001419;"0";BP400703000671;"0";P;FDB;;"0";2022/06/01 17:53:43;;;;
CS400700000066;"0";BP400703000007;"25";E;A;;"25";;;;;
CS400703000106;"0";BP400703000095;"5";E;A;;"05";;;;;
CS400703001336;"0";BP400703000638;"2";E;A;;"2";;;;;
CS400703000904;"0";BP400703000047;"0";P;FDB;;"0";;;;;
CS400703000878;"0";BP400703000156;"1";E;A;;"01";;;;;
CS400703000815;"0";BP400703000141;"5";E;A;;"05";;;;;
CS400703000551;"0";BP400703000084;"3";E;A;;"03";;;;;
CS400703000428;"0";BP400703000066;"6";E;A;;"06";;;;;
CS400703000107;"0";BP400703000095;"6";E;A;;"06";;;;;
CS400703000139;"0";BP400703000048;"6";E;A;;"06";;;;;
CS400703001029;"0";BP400703000156;"0";P;FDB;;"0";;;;;
CS400703000057;"0";BP400703000162;"5";E;A;;"05";;;;;
CS400703000965;"0";BP400703000074;"0";P;FDB;;"0";;;;;
CS400703000437;"0";BP400703000093;"10";E;A;;"10";;;;;
CS400703000491;"0";BP400703000074;"4";E;A;;"04";;;;;
CS400703000430;"0";BP400703000066;"5";E;A;;"05";;;;;
CS400703000637;"0";BP400703000075;"5";E;A;;"05";;;;;
CS400703000263;"0";BP400703000003;"3";E;A;;"3";;;;;
CS400703000711;"0";BP400703000078;"2";E;A;;"02";;;;;
CS400703000074;"0";BP400703000029;"4";E;A;;"04";;;;;
CS400703001449;"0";BP400703000678;"4";E;A;;"04";2022/06/02 15:23:19;;;;
CS400703000426;"0";BP400703000066;"2";E;A;;"02";;;;;
CS400703000881;"0";BP400703000156;"6";E;A;;"06";;;;;
CS400703000753;"0";BP400703000079;"1";E;A;;"01";;;;;
CS400703001460;"0";BP400703000676;"6";E;A;;"06";2022/06/02 15:32:19;;;;
CS400703000957;"0";BP400703000082;"0";P;FDB;;"0";;;;;
CS402078000889;"0";BP402078000004;"12";E;A;;"12";2019/11/06 10:21:03;;ImportGrace-61;;
CS400703000048;"0";BP400703000133;"5";E;A;;"05";;;;;
CS400703001363;"0";BP400703000018;"4";E;A;;"4";2022/02/23 10:39:13;;;;
CS400703000611;"0";BP400703000147;"1";E;A;;"01";;;;;
CS400703000201;"0";BP400703000150;"11";E;A;;"11";;;;;
CS400703000133;"0";BP400703000016;"3";E;A;;"3";;;;;
CS400703000266;"0";BP400703000032;"4";E;A;;"04";;;;;
CS400703000138;"0";BP400703000048;"8";E;A;;"08";;;;;
CS400703000332;"0";BP400703000128;"5";E;A;;"05";;;;;
CS400703001130;"0";BP400703000056;"8";E;A;;"08";;;;;
CS400703000992;"0";BP400703000032;"0";P;FDB;;"0";;;;;
CS400703000729;"0";BP400703000042;"4";E;A;;"04";;;;;
CS400703000680;"0";BP400703000112;"4";E;A;;"04";;;;;
CS400703001197;"0";BP400703000020;"14";E;A;;"14";;;;;
CS400703000948;"0";BP400703000064;"3";E;A;;"03";;;;;
CS400703000314;"0";BP400703000093;"5";E;A;;"05";;;;;
CS400703000348;"0";BP400703000105;"6";E;A;;"06";;;;;
CS400703000996;"0";BP400703000100;"0";P;FDB;;"0";;;;;
CS400703000935;"0";BP400703000085;"4";E;A;;"04";;;;;
CS400703001312;"0";BP400703000008;"5";E;A;;"05";;;;;
CS400703000717;"0";BP400703000038;"3";E;A;;"03";;;;;
CS400703001230;"0";BP400703000013;"6";E;A;;"06";;;;;
CS400700000079;"0";BP400703000007;"2";E;A;;"02";;;;;
CS400703000507;"0";BP400703000024;"3";E;A;;"3";;;;;
CS400703001196;"0";BP400703000020;"0";P;FDB;;"0";;;;;
CS400703001054;"0";BP400703000028;"0";P;FDB;;"0";;;;;
CS400703000321;"0";BP400703000067;"1";E;A;;"01";;;;;
CS400700000065;"0";BP400703000007;"17";E;A;;"17";;;;;
CS400703000377;"0";BP400703000131;"1";E;A;;"01";;;;;
CS400703000629;"0";BP400703000109;"6";E;A;;"06";;;;;
CS400703000095;"0";BP400703000161;"2";E;A;;"02";;;;;
CS400703000771;"0";BP400703000063;"6";E;A;;"06";;;;;
CS400703001358;"0";BP400703000003;"4";E;A;;"04";2021/12/10 16:05:02;;;;
CS400703000465;"0";BP400703000134;"9";E;A;;"09";;;;;
CS400703000796;"0";BP400703000124;"4";E;A;;"04";;;;;
CS400703000241;"0";BP400703000051;"1";E;A;;"01";;;;;
CS400703001274;"0";BP400703000011;"17";E;A;;"17";;;;;
CS400703000156;"0";BP400703000026;"2";E;A;;"02";;;;;
CS400703001131;"0";BP400703000056;"6";E;A;;"06";;;;;
CS400703000666;"0";BP400703000171;"11";E;A;;"11";;;;;
CS400703000030;"0";BP400703000154;"9";E;A;;"09";;;;;
CS400703000296;"0";BP400703000153;"2";E;A;;"02";;;;;
CS400703000762;"0";BP400703000155;"1";E;A;;"01";;;;;
CS400703000475;"0";BP400703000073;"1";E;A;;"01";;;;;
CS400703000396;"0";BP400703000145;"2";E;A;;"02";;;;;
CS400703000371;"0";BP400703000061;"3";E;A;;"03";;;;;
CS402078000887;"0";BP402078000004;"10";E;A;;"10";2019/11/06 10:21:03;;ImportGrace-61;;
CS400703000228;"0";BP400703000049;"2";E;A;;"2";;;;;
CS400703001150;"0";BP400703000033;"21";E;A;;"21";;;;;
CS400703000159;"0";BP400703000035;"2";E;A;;"02";;;;;
CS400700000074;"0";BP400703000007;"5";E;A;;"05";;;;;
CS400703001231;"0";BP400703000013;"3";E;A;;"03";;;;;
CS400700000075;"0";BP400703000007;"8";E;A;;"08";;;;;
CS400703001248;"0";BP400703000012;"15";E;A;;"15";;;;;
CS400703001269;"0";BP400703000011;"23";E;A;;"23";;;;;
CS400703000658;"0";BP400703000129;"6";E;A;;"06";;;;;
CS400703000695;"0";BP400703000170;"4";E;A;;"04";;;;;
CS400703000521;"0";BP400703000169;"11";E;A;;"11";;;;;
CS400703000458;"0";BP400703000134;"4";E;A;;"04";;;;;
CS400703000021;"0";BP400703000095;"1";E;A;;"01";;;;;
CS400703000561;"0";BP400703000082;"1";E;A;;"01";;;;;
CS400703000031;"0";BP400703000154;"7";E;A;;"07";;;;;
CS400703000859;"0";BP400703000164;"5";E;A;;"05";;;;;
CS400703000802;"0";BP400703000157;"4";E;A;;"04";;;;;
CS400703000738;"0";BP400703000168;"11";E;A;;"11";;;;;
CS400703000352;"0";BP400703000009;"4";E;A;;"04";;;;;
CS402078000883;"0";BP402078000004;"6";E;A;;"06";2019/11/06 10:21:03;;ImportGrace-61;;
CS400703001020;"0";BP400703000064;"0";P;FDB;;"0";;;;;
CS400703001107;"0";BP400703000006;"6";E;A;;"06";;;;;
CS400703000523;"0";BP400703000169;"6";E;A;;"06";;;;;
CS400703000310;"0";BP400703000149;"6";E;A;;"06";;;;;
CS400703000821;"0";BP400703000165;"5";E;A;;"05";;;;;
CS400703000849;"0";BP400703000158;"2";E;A;;"02";;;;;
CS400703000888;"0";BP400703000057;"0";P;FDB;;"0";;;;;
CS400703000335;"0";BP400703000002;"2";E;A;;"2";;;;;
CS400703001229;"0";BP400703000013;"8";E;A;;"08";;;;;
CS400703000423;"0";BP400703000132;"4";E;A;;"04";;;;;
CS400703000260;"0";BP400703000060;"4";E;A;;"04";;;;;
CS400703000817;"0";BP400703000165;"2";E;A;;"02";;;;;
CS400703001437;"0";BP400703000674;"5";E;A;;"05";2022/06/02 14:20:54;;;;
CS400703000444;"0";BP400703000135;"5";E;A;;"05";;;;;
CS400703001204;"0";BP400703000020;"25";E;A;;"25";;;;;
CS400703000890;"0";BP400703000044;"0";P;FDB;;"0";;;;;
CS400703000749;"0";BP400703000043;"4";E;A;;"04";;;;;
CS400703000211;"0";BP400703000097;"1";E;A;;"01";;;;;
CS400703000946;"0";BP400703000064;"1";E;A;;"01";;;;;
CS400703000791;"0";BP400703000142;"5";E;A;;"05";;;;;
CS400703000082;"0";BP400703000163;"4";E;A;;"04";;;;;
CS400703000540;"0";BP400703000116;"6";E;A;;"06";;;;;
CS400703000585;"0";BP400703000034;"4";E;A;;"04";;;;;
CS400703001458;"0";BP400703000676;"2";E;A;;"02";2022/06/02 15:32:19;;;;
CS400703000299;"0";BP400703000153;"4";E;A;;"04";;;;;
CS400703000206;"0";BP400703000150;"12";E;A;;"12";;;;;
CS400703001022;"0";BP400703000031;"0";P;FDB;;"0";;;;;
CS400703000883;"0";BP400703000156;"5";E;A;;"05";;;;;
CS400703000790;"0";BP400703000142;"4";E;A;;"04";;;;;
CS400703001009;"0";BP400703000051;"0";P;FDB;;"0";;;;;
CS400703001327;"0";BP400703000101;"2";E;A;;"02";;;;;
CS400700000081;"0";BP400703000007;"4";E;A;;"04";;;;;
CS400703000165;"0";BP400703000039;"2";E;A;;"02";;;;;
CS400703000742;"0";BP400703000168;"10";E;A;;"10";;;;;
CS400700000076;"0";BP400703000007;"10";E;A;;"10";;;;;
CS400703000349;"0";BP400703000105;"4";E;A;;"04";;;;;
CS400703001025;"0";BP400703000164;"0";P;FDB;;"0";;;;;
CS400703000535;"0";BP400703000094;"4";E;A;;"04";;;;;
CS400703000875;"0";BP400703000108;"6";E;A;;"06";;;;;
CS400703001212;"0";BP400703000020;"5";E;A;;"05";;;;;
CS400703000298;"0";BP400703000153;"6";E;A;;"06";;;;;
CS400703000669;"0";BP400703000171;"3";E;A;;"03";;;;;
CS400703000533;"0";BP400703000094;"3";E;A;;"03";;;;;
CS400703001224;"0";BP400703000020;"28";E;A;;"28";;;;;
CS400703001108;"0";BP400703000006;"5";E;A;;"05";;;;;
CS400703001254;"0";BP400703000012;"5";E;A;;"05";;;;;
CS400703000212;"0";BP400703000097;"2";E;A;;"02";;;;;
CS400703000526;"0";BP400703000169;"12";E;A;;"12";;;;;
CS400703001294;"0";BP400703000011;"27";E;A;;"27";;;;;
CS400703000210;"0";BP400703000150;"5";E;A;;"05";;;;;
CS400703000215;"0";BP400703000097;"4";E;A;;"04";;;;;
CS400703001068;"0";BP400703000104;"0";P;FDB;;"0";;;;;
CS400703001328;"0";BP400703000101;"3";E;A;;"03";;;;;
CS400703001001;"0";BP400703000150;"0";P;FDB;;"0";;;;;
CS400703000766;"0";BP400703000155;"4";E;A;;"04";;;;;
CS400703000852;"0";BP400703000158;"4";E;A;;"04";;;;;
CS400703000783;"0";BP400703000144;"6";E;A;;"06";;;;;
CS400703001459;"0";BP400703000676;"3";E;A;;"03";2022/06/02 15:32:19;;;;
CS400703001339;"0";BP400703000136;"0";P;FDB;;"0";2020/09/30 09:33:51;;;;
CS400703000940;"0";BP400703000085;"10";E;A;;"10";;;;;
CS400703001110;"0";BP400703000006;"12";E;A;;"12";;;;;
CS400703000927;"0";BP400703000113;"5";E;A;;"05";;;;;
CS400703000166;"0";BP400703000039;"4";E;A;;"04";;;;;
CS400703000537;"0";BP400703000116;"1";E;A;;"01";;;;;
CS400703000362;"0";BP400703000009;"5";E;A;;"05";;;;;
CS400703001184;"0";BP400703000030;"6";E;A;;"06";;;;;
CS400703001076;"0";BP400703000115;"0";P;FDB;;"0";;;;;
CS400703001439;"0";BP400703000674;"4";E;A;;"04";2022/06/02 14:20:54;;;;
CS400703000181;"0";BP400703000162;"12";E;A;;"12";;;;;
CS400703000926;"0";BP400703000113;"4";E;A;;"04";;;;;
CS400703001132;"0";BP400703000056;"3";E;A;;"03";;;;;
CS400703000073;"0";BP400703000029;"2";E;A;;"02";;;;;
CS400703001106;"0";BP400703000006;"8";E;A;;"08";;;;;
CS400703000689;"0";BP400703000111;"2";E;A;;"02";;;;;
CS400703001109;"0";BP400703000006;"10";E;A;;"10";;;;;
CS400703000916;"0";BP400703000146;"1";E;A;;"01";;;;;
CS400703000827;"0";BP400703000159;"6";E;A;;"06";;;;;
CS400703000333;"0";BP400703000002;"1";E;A;;"1";;;;;
CS400703000688;"0";BP400703000089;"5";E;A;;"05";;;;;
CS400703000726;"0";BP400703000046;"3";E;A;;"03";;;;;
CS400703000556;"0";BP400703000080;"2";E;A;;"02";;;;;
CS400703000121;"0";BP400703000051;"10";E;A;;"10";;;;;
CS400703000755;"0";BP400703000079;"3";E;A;;"03";;;;;
CS400703001071;"0";BP400703000004;"0";P;FDB;;"0";;;;;
CS400703000770;"0";BP400703000063;"3";E;A;;"03";;;;;
CS400703000678;"0";BP400703000112;"3";E;A;;"03";;;;;
CS400703000515;"0";BP400703000103;"3";E;A;;"03";;;;;
CS400700000067;"0";BP400703000007;"21";E;A;;"21";;;;;
CS400703001425;"0";BP400703000671;"4";E;A;;"04";2022/06/01 17:53:43;;;;
CS400703000574;"0";BP400703000170;"9";E;A;;"09";;;;;
CS400703001038;"0";BP400703000143;"0";P;FDB;;"0";;;;;
CS400703000997;"0";BP400703000149;"0";P;FDB;;"0";;;;;
CS400703000751;"0";BP400703000028;"2";E;A;;"02";;;;;
CS400703000474;"0";BP400703000083;"5";E;A;;"05";;;;;
CS400703000047;"0";BP400703000133;"4";E;A;;"04";;;;;
CS400703000226;"0";BP400703000049;"1";E;A;;"1";;;;;
CS400703000953;"0";BP400703000116;"0";P;FDB;;"0";;;;;
CS400703000511;"0";BP400703000115;"5";E;A;;"05";;;;;
CS400703000292;"0";BP400703000122;"7";E;A;;"07";;;;;
CS400703000861;"0";BP400703000099;"3";E;A;;"03";;;;;
CS400703000024;"0";BP400703000154;"11";E;A;;"11";;;;;
CS400703000724;"0";BP400703000046;"2";E;A;;"02";;;;;
CS400703000976;"0";BP400703000066;"0";P;FDB;;"0";;;;;
CS400703000275;"0";BP400703000032;"2";E;A;;"02";;;;;
CS400703000446;"0";BP400703000137;"2";E;A;;"02";;;;;
CS400703001206;"0";BP400703000020;"15";E;A;;"15";;;;;
CS400703000327;"0";BP400703000128;"1";E;A;;"01";;;;;
CS400703000300;"0";BP400703000153;"5";E;A;;"05";;;;;
CS400703000713;"0";BP400703000078;"6";E;A;;"06";;;;;
CS400703001428;"0";BP400703000672;"3";E;A;;"03";2022/06/01 17:34:09;;;;
CS400703000136;"0";BP400703000048;"4";E;A;;"04";;;;;
CS400703000876;"0";BP400703000108;"4";E;A;;"04";;;;;
CS400703001426;"0";BP400703000672;"1";E;A;;"01";2022/06/01 17:34:09;;;;
CS400700000070;"0";BP400703000007;"13";E;A;;"13";;;;;
CS400700000080;"0";BP400703000007;"7";E;A;;"07";;;;;
CS400703000983;"0";BP400703000069;"0";P;FDB;;"0";;;;;
CS400703001250;"0";BP400703000012;"13";E;A;;"13";;;;;
CS400703001429;"0";BP400703000672;"4";E;A;;"04";2022/06/01 17:34:09;;;;
CS400703001256;"0";BP400703000012;"10";E;A;;"10";;;;;
CS400703000063;"0";BP400703000019;"2";E;A;;"2";;;;;
CS400703000146;"0";BP400703000048;"5";E;A;;"05";;;;;
CS400703001157;"0";BP400703000033;"5";E;A;;"05";;;;;
CS400703001147;"0";BP400703000033;"18";E;A;;"18";;;;;
CS400703000158;"0";BP400703000026;"3";E;A;;"03";;;;;
CS400703000809;"0";BP400703000143;"5";E;A;;"05";;;;;
CS400703001144;"0";BP400703000033;"16";E;A;;"16";;;;;
CS400703000576;"0";BP400703000170;"2";E;A;;"02";;;;;
CS400703000728;"0";BP400703000042;"2";E;A;;"02";;;;;
CS400703001465;"0";BP400703000677;"3";E;A;;"03";2022/06/02 15:11:02;;;;
CS400703000441;"0";BP400703000135;"3";E;A;;"03";;;;;
CS400703000562;"0";BP400703000082;"2";E;A;;"02";;;;;
CS400703001123;"0";BP400703000062;"2";E;A;;"02";;;;;
CS400703000099;"0";BP400703000161;"5";E;A;;"05";;;;;
CS400703000357;"0";BP400703000009;"10";E;A;;"10";;;;;
CS400703001300;"0";BP400703000008;"19";E;A;;"19";;;;;
CS400703001291;"0";BP400703000011;"3";E;A;;"03";;;;;
CS400703001171;"0";BP400703000033;"23";E;A;;"23";;;;;
CS400703000720;"0";BP400703000092;"2";E;A;;"02";;;;;
CS400703000774;"0";BP400703000125;"1";E;A;;"01";;;;;
CS400703001205;"0";BP400703000020;"21";E;A;;"21";;;;;
CS400703000419;"0";BP400703000132;"1";E;A;;"01";;;;;
CS400703000581;"0";BP400703000076;"6";E;A;;"06";;;;;
CS400703000405;"0";BP400703000145;"5";E;A;;"05";;;;;
CS400703000336;"0";BP400703000001;"1";E;A;;"1";;;;;
CS400703001129;"0";BP400703000056;"11";E;A;;"11";;;;;
CS400703000557;"0";BP400703000080;"3";E;A;;"03";;;;;
CS400703001225;"0";BP400703000013;"0";P;FDB;;"0";;;;;
CS400700000062;"0";BP400703000007;"19";E;A;;"19";;;;;
CS400703001330;"0";BP400703000101;"4";E;A;;"04";;;;;
CS400703000105;"0";BP400703000118;"5";E;A;;"05";;;;;
CS400703000059;"0";BP400703000045;"4";E;A;;"04";;;;;
CS400703001018;"0";BP400703000096;"0";P;FDB;;"0";;;;;
CS400703001334;"0";BP400703000638;"1";E;A;;"1";;;;;
CS400703000682;"0";BP400703000089;"1";E;A;;"01";;;;;
CS400703000085;"0";BP400703000163;"1";E;A;;"01";;;;;
CS400703000490;"0";BP400703000074;"6";E;A;;"06";;;;;
CS400703000240;"0";BP400703000053;"2";E;A;;"2";;;;;
CS400703000358;"0";BP400703000009;"12";E;A;;"12";;;;;
CS400703001463;"0";BP400703000677;"1";E;A;;"01";2022/06/02 15:11:02;;;;
CS400703001189;"0";BP400703000030;"7";E;A;;"07";;;;;
CS400703000062;"0";BP400703000019;"3";E;A;;"3";;;;;
CS400703000851;"0";BP400703000158;"6";E;A;;"06";;;;;
CS400703000979;"0";BP400703000067;"0";P;FDB;;"0";;;;;
CS400703000898;"0";BP400703000019;"0";P;FDB;;"0";;;;;
CS400703000761;"0";BP400703000140;"5";E;A;;"05";;;;;
CS400703001296;"0";BP400703000008;"0";P;FDB;;"0";;;;;
CS400703001257;"0";BP400703000012;"11";E;A;;"11";;;;;
CS400703000552;"0";BP400703000084;"6";E;A;;"06";;;;;
CS400703000536;"0";BP400703000094;"5";E;A;;"05";;;;;
CS400703000179;"0";BP400703000162;"3";E;A;;"03";;;;;
CS400703000472;"0";BP400703000083;"6";E;A;;"06";;;;;
CS400703000338;"0";BP400703000001;"2";E;A;;"2";;;;;
CS400703001178;"0";BP400703000126;"5";E;A;;"05";;;;;
CS400703000978;"0";BP400703000090;"0";P;FDB;;"0";;;;;
CS400703001139;"0";BP400703000037;"0";P;FDB;;"0";;;;;
CS400703000732;"0";BP400703000025;"3";E;A;;"03";;;;;
CS400703000499;"0";BP400703000127;"1";E;A;;"01";;;;;
CS402078000882;"0";BP402078000004;"5";E;A;;"05";2019/11/06 10:21:03;;ImportGrace-61;;
CS400703000420;"0";BP400703000132;"2";E;A;;"02";;;;;
CS400703001258;"0";BP400703000012;"1";E;A;;"01";;;;;
CS400703000741;"0";BP400703000168;"3";E;A;;"03";;;;;
CS400703001448;"0";BP400703000678;"6";E;A;;"06";2022/06/02 15:23:19;;;;
CS400703001286;"0";BP400703000011;"11";E;A;;"11";;;;;
CS400703001165;"0";BP400703000033;"3";E;A;;"03";;;;;
CS400700000068;"0";BP400703000007;"15";E;A;;"15";;;;;
CS400703000733;"0";BP400703000058;"2";E;A;;"02";;;;;
CS400703000155;"0";BP400703000044;"3";E;A;;"03";;;;;
CS400703001223;"0";BP400703000020;"27";E;A;;"27";;;;;
CS400703001264;"0";BP400703000012;"26";E;A;;"26";;;;;
CS400703000144;"0";BP400703000048;"7";E;A;;"07";;;;;
CS400703001326;"0";BP400703000101;"1";E;A;;"01";;;;;
CS400703000835;"0";BP400703000031;"3";E;A;;"03";;;;;
CS400703001153;"0";BP400703000033;"13";E;A;;"13";;;;;
CS400703000956;"0";BP400703000080;"0";P;FDB;;"0";;;;;
CS400703000663;"0";BP400703000091;"5";E;A;;"05";;;;;
CS400703000907;"0";BP400703000118;"0";P;FDB;;"0";;;;;
CS400703001357;"0";BP400703000053;"4";E;A;;"04";2021/12/10 14:37:14;;;;
CS400703000089;"0";BP400703000047;"4";E;A;;"04";;;;;
CS400703000860;"0";BP400703000099;"4";E;A;;"04";;;;;
CS400703000577;"0";BP400703000170;"5";E;A;;"05";;;;;
CS400703001456;"0";BP400703000675;"5";E;A;;"05";2022/06/02 15:00:22;;;;
CS400703000122;"0";BP400703000051;"12";E;A;;"12";;;;;
CS400703001466;"0";BP400703000677;"6";E;A;;"06";2022/06/02 15:11:02;;;;
CS400703000683;"0";BP400703000111;"1";E;A;;"01";;;;;
CS400703000149;"0";BP400703000057;"3";E;A;;"03";;;;;
CS400703000919;"0";BP400703000146;"6";E;A;;"06";;;;;
CS400703001259;"0";BP400703000012;"2";E;A;;"02";;;;;
CS400703001119;"0";BP400703000068;"6";E;A;;"06";;;;;
CS400703001422;"0";BP400703000671;"1";E;A;;"01";2022/06/01 17:53:43;;;;
CS400703000388;"0";BP400703000040;"3";E;A;;"03";;;;;
CS400703000822;"0";BP400703000055;"2";E;A;;"02";;;;;
CS400703000654;"0";BP400703000091;"3";E;A;;"03";;;;;
CS400703001075;"0";BP400703000109;"0";P;FDB;;"0";;;;;
CS400703000397;"0";BP400703000098;"1";E;A;;"01";;;;;
CS400703000628;"0";BP400703000109;"3";E;A;;"03";;;;;
CS400703000271;"0";BP400703000032;"10";E;A;;"10";;;;;
CS400703001273;"0";BP400703000011;"18";E;A;;"18";;;;;
CS400703000480;"0";BP400703000073;"5";E;A;;"05";;;;;
CS400703000018;"0";BP400703000166;"7";E;A;;"07";;;;;
CS400703000500;"0";BP400703000127;"2";E;A;;"02";;;;;
CS400703000528;"0";BP400703000169;"7";E;A;;"07";;;;;
CS400703000661;"0";BP400703000091;"6";E;A;;"06";;;;;
CS400703000923;"0";BP400703000113;"2";E;A;;"02";;;;;
CS400703000800;"0";BP400703000157;"3";E;A;;"03";;;;;
CS400703000286;"0";BP400703000122;"8";E;A;;"08";;;;;
CS400703000151;"0";BP400703000017;"3";E;A;;"3";;;;;
CS400703000736;"0";BP400703000168;"1";E;A;;"01";;;;;
CS400703000518;"0";BP400703000103;"5";E;A;;"05";;;;;
CS400703001183;"0";BP400703000030;"8";E;A;;"08";;;;;
CS400703000343;"0";BP400703000069;"4";E;A;;"04";;;;;
CS400703000884;"0";BP400703000140;"1";E;A;;"01";;;;;
CS400703000427;"0";BP400703000066;"3";E;A;;"03";;;;;
CS400703000731;"0";BP400703000025;"4";E;A;;"04";;;;;
CS400703001102;"0";BP400703000006;"0";P;FDB;;"0";;;;;
CS400703000808;"0";BP400703000143;"4";E;A;;"04";;;;;
CS400703000553;"0";BP400703000084;"4";E;A;;"04";;;;;
CS400703000819;"0";BP400703000165;"6";E;A;;"06";;;;;
CS400703000820;"0";BP400703000165;"4";E;A;;"04";;;;;
CS400703000921;"0";BP400703000146;"5";E;A;;"05";;;;;
CS400703001304;"0";BP400703000008;"25";E;A;;"25";;;;;
CS400703001210;"0";BP400703000020;"9";E;A;;"09";;;;;
CS400703000304;"0";BP400703000100;"6";E;A;;"06";;;;;
CS400703000378;"0";BP400703000131;"2";E;A;;"02";;;;;
CS400703000470;"0";BP400703000083;"2";E;A;;"02";;;;;
CS400703001218;"0";BP400703000020;"7";E;A;;"07";;;;;
CS400703000652;"0";BP400703000091;"1";E;A;;"01";;;;;
CS400703001227;"0";BP400703000013;"4";E;A;;"04";;;;;
CS400703001420;"0";BP400703000673;"4";E;A;;"04";2022/06/01 17:43:08;;;;
CS400703000582;"0";BP400703000076;"4";E;A;;"04";;;;;
CS400703001067;"0";BP400703000106;"0";P;FDB;;"0";;;;;
CS400703000563;"0";BP400703000082;"3";E;A;;"03";;;;;
CS400703001453;"0";BP400703000675;"3";E;A;;"03";2022/06/02 15:00:22;;;;
CS400703001283;"0";BP400703000011;"5";E;A;;"05";;;;;
CS400703001255;"0";BP400703000012;"8";E;A;;"08";;;;;
CS400703000434;"0";BP400703000093;"8";E;A;;"08";;;;;
CS400703000900;"0";BP400703000021;"0";P;FDB;;"0";;;;;
CS400703001015;"0";BP400703000048;"0";P;FDB;;"0";;;;;
CS400703000863;"0";BP400703000099;"1";E;A;;"01";;;;;
CS400703000739;"0";BP400703000168;"8";E;A;;"08";;;;;
CS400703000464;"0";BP400703000134;"12";E;A;;"12";;;;;
CS400703000422;"0";BP400703000132;"6";E;A;;"06";;;;;
CS400703000570;"0";BP400703000170;"6";E;A;;"06";;;;;
CS400703000288;"0";BP400703000122;"3";E;A;;"03";;;;;
CS400703000967;"0";BP400703000127;"0";P;FDB;;"0";;;;;
CS400703000134;"0";BP400703000016;"2";E;A;;"2";;;;;
CS400703001170;"0";BP400703000033;"14";E;A;;"14";;;;;
CS400703000486;"0";BP400703000130;"5";E;A;;"05";;;;;
CS400703000696;"0";BP400703000055;"3";E;A;;"03";;;;;
CS400703001305;"0";BP400703000008;"21";E;A;;"21";;;;;
CS400703000177;"0";BP400703000162;"8";E;A;;"08";;;;;
CS400703001443;"0";BP400703000676;"0";P;FDB;;"0";2022/06/02 15:32:19;;;;
CS400703000779;"0";BP400703000125;"5";E;A;;"05";;;;;
CS400703000573;"0";BP400703000170;"12";E;A;;"12";;;;;
CS400703001348;"0";BP400703000017;"4";E;A;;"04";2021/12/09 10:50:27;;;;
CS400703000207;"0";BP400703000150;"9";E;A;;"09";;;;;
CS400703001112;"0";BP400703000006;"7";E;A;;"07";;;;;
CS400703000590;"0";BP400703000106;"6";E;A;;"06";;;;;
CS400703000785;"0";BP400703000144;"5";E;A;;"05";;;;;
CS400703001440;"0";BP400703000674;"3";E;A;;"03";2022/06/02 14:20:54;;;;
CS400703000120;"0";BP400703000022;"3";E;A;;"3";;;;;
CS400703000525;"0";BP400703000169;"10";E;A;;"10";;;;;
CS400703001137;"0";BP400703000056;"2";E;A;;"02";;;;;
CS400703000750;"0";BP400703000043;"3";E;A;;"03";;;;;
CS400703000932;"0";BP400703000096;"4";E;A;;"04";;;;;
CS400703001117;"0";BP400703000068;"2";E;A;;"02";;;;;
CS400703001208;"0";BP400703000020;"13";E;A;;"13";;;;;
CS400703000132;"0";BP400703000016;"1";E;A;;"1";;;;;
CS400703000870;"0";BP400703000151;"4";E;A;;"04";;;;;
CS400703000554;"0";BP400703000084;"5";E;A;;"05";;;;;
CS400703000137;"0";BP400703000048;"11";E;A;;"11";;;;;
CS400703000140;"0";BP400703000048;"3";E;A;;"03";;;;;
CS400703000313;"0";BP400703000093;"2";E;A;;"02";;;;;
CS400703000524;"0";BP400703000169;"3";E;A;;"03";;;;;
CS400703001103;"0";BP400703000006;"1";E;A;;"01";;;;;
CS400703000506;"0";BP400703000024;"1";E;A;;"1";;;;;
CS400703000805;"0";BP400703000143;"2";E;A;;"02";;;;;
CS400703000906;"0";BP400703000161;"0";P;FDB;;"0";;;;;
CS400703000734;"0";BP400703000058;"4";E;A;;"04";;;;;
CS400703000002;"0";BP400703000095;"2";E;A;;"02";;;;;
CS400703000616;"0";BP400703000147;"5";E;A;;"05";;;;;
CS400703000644;"0";BP400703000072;"1";E;A;;"01";;;;;
CS400700000064;"0";BP400703000007;"18";E;A;;"18";;;;;
CS402078000886;"0";BP402078000004;"9";E;A;;"09";2019/11/06 10:21:03;;ImportGrace-61;;
CS400703001036;"0";BP400703000124;"0";P;FDB;;"0";;;;;
CS400700000063;"0";BP400703000007;"22";E;A;;"22";;;;;
CS400703000816;"0";BP400703000165;"1";E;A;;"01";;;;;
CS400703001037;"0";BP400703000157;"0";P;FDB;;"0";;;;;
CS400703000157;"0";BP400703000026;"4";E;A;;"04";;;;;
CS400703001045;"0";BP400703000038;"0";P;FDB;;"0";;;;;
CS400703001005;"0";BP400703000049;"0";P;FDB;;"0";;;;;
CS400703000823;"0";BP400703000055;"4";E;A;;"04";;;;;
CS400703000175;"0";BP400703000162;"4";E;A;;"04";;;;;
CS400703001105;"0";BP400703000006;"11";E;A;;"11";;;;;
CS400703001277;"0";BP400703000011;"15";E;A;;"15";;;;;
CS400703001427;"0";BP400703000672;"2";E;A;;"02";2022/06/01 17:34:09;;;;
CS400703000356;"0";BP400703000009;"3";E;A;;"03";;;;;
CS400703000656;"0";BP400703000129;"2";E;A;;"02";;;;;
CS400703000513;"0";BP400703000103;"1";E;A;;"01";;;;;
CS400703001362;"0";BP400703000004;"4";E;A;;"04";2021/12/10 16:00:34;;;;
CS400703000534;"0";BP400703000094;"6";E;A;;"06";;;;;
CS400703001452;"0";BP400703000675;"2";E;A;;"02";2022/06/02 15:00:22;;;;
CS400703000752;"0";BP400703000028;"4";E;A;;"04";;;;;
CS400703000337;"0";BP400703000001;"3";E;A;;"3";;;;;
CS400703001185;"0";BP400703000030;"3";E;A;;"03";;;;;
CS400703001356;"0";BP400703000005;"4";E;A;;"04";2021/12/10 15:56:14;;;;
CS400703000685;"0";BP400703000089;"3";E;A;;"03";;;;;
CS400703000913;"0";BP400703000110;"0";P;FDB;;"0";;;;;
CS400703001324;"0";BP400703000008;"28";E;A;;"28";;;;;
CS400703000183;"0";BP400703000162;"7";E;A;;"07";;;;;
CS400703001121;"0";BP400703000068;"5";E;A;;"05";;;;;
CS400703000301;"0";BP400703000100;"1";E;A;;"01";;;;;
CS400703000539;"0";BP400703000116;"3";E;A;;"03";;;;;
CS400703000244;"0";BP400703000051;"8";E;A;;"08";;;;;
CS400703000826;"0";BP400703000159;"3";E;A;;"03";;;;;
CS400703000918;"0";BP400703000146;"3";E;A;;"03";;;;;
CS400703000625;"0";BP400703000014;"2";E;A;;"2";;;;;
CS402078000881;"0";BP402078000004;"4";E;A;;"04";2019/11/06 10:21:03;;ImportGrace-61;;
CS400703001265;"0";BP400703000012;"27";E;A;;"27";;;;;
CS400703000690;"0";BP400703000111;"3";E;A;;"03";;;;;
CS400703001423;"0";BP400703000671;"2";E;A;;"02";2022/06/01 17:53:43;;;;
CS400703000587;"0";BP400703000106;"1";E;A;;"01";;;;;
CS400703000141;"0";BP400703000048;"10";E;A;;"10";;;;;
CS400703000205;"0";BP400703000150;"10";E;A;;"10";;;;;
CS400703000909;"0";BP400703000095;"0";P;FDB;;"0";;;;;
CS400703000398;"0";BP400703000098;"2";E;A;;"02";;;;;
CS400703000019;"0";BP400703000166;"2";E;A;;"02";;;;;
CS400703001154;"0";BP400703000033;"6";E;A;;"06";;;;;
CS400703000589;"0";BP400703000106;"3";E;A;;"03";;;;;
CS400703001306;"0";BP400703000008;"15";E;A;;"15";;;;;
CS400703001399;"0";BP400703000663;"1";E;A;;"01";2022/02/25 16:15:33;;;;
CS400703000866;"0";BP400703000151;"1";E;A;;"01";;;;;
CS400703000659;"0";BP400703000129;"4";E;A;;"04";;;;;
CS400703000361;"0";BP400703000009;"2";E;A;;"02";;;;;
CS400703000325;"0";BP400703000067;"4";E;A;;"04";;;;;
CS400703000807;"0";BP400703000143;"6";E;A;;"06";;;;;
CS400703001340;"0";BP400703000136;"3";E;A;;"3";2020/09/30 09:33:51;;;;
CS400703001181;"0";BP400703000030;"4";E;A;;"04";;;;;
CS400700000087;"0";BP400703000007;"23";E;A;;"23";;;;;
CS400703001194;"0";BP400703000023;"3";E;A;;"3";;;;;
CS400703000620;"0";BP400703000070;"1";E;A;;"01";;;;;
CS400703000071;"0";BP400703000021;"3";E;A;;"3";;;;;
CS400703001010;"0";BP400703000022;"0";P;FDB;;"0";;;;;
CS400703000326;"0";BP400703000067;"5";E;A;;"05";;;;;
CS400703001062;"0";BP400703000089;"0";P;FDB;;"0";;;;;
CS400703000269;"0";BP400703000032;"6";E;A;;"06";;;;;
CS400703000519;"0";BP400703000169;"1";E;A;;"01";;;;;
CS400703000450;"0";BP400703000137;"5";E;A;;"05";;;;;
CS400703000837;"0";BP400703000031;"12";E;A;;"12";;;;;
CS400703001168;"0";BP400703000033;"27";E;A;;"27";;;;;
CS400703000972;"0";BP400703000145;"0";P;FDB;;"0";;;;;
CS400703000745;"0";BP400703000168;"7";E;A;;"07";;;;;
CS400703001239;"0";BP400703000012;"14";E;A;;"14";;;;;
CS400703000818;"0";BP400703000165;"3";E;A;;"03";;;;;
CS400703000715;"0";BP400703000078;"5";E;A;;"05";;;;;
CS400703000339;"0";BP400703000069;"1";E;A;;"01";;;;;
CS400703000703;"0";BP400703000167;"1";E;A;;"01";;;;;
CS400703000847;"0";BP400703000065;"5";E;A;;"05";;;;;
CS400703000977;"0";BP400703000093;"0";P;FDB;;"0";;;;;
CS400703001260;"0";BP400703000012;"7";E;A;;"07";;;;;
CS400703000568;"0";BP400703000170;"11";E;A;;"11";;;;;
CS400703000719;"0";BP400703000092;"3";E;A;;"03";;;;;
CS400703000103;"0";BP400703000118;"7";E;A;;"07";;;;;
CS400703001152;"0";BP400703000033;"20";E;A;;"20";;;;;
CS400703001234;"0";BP400703000013;"9";E;A;;"09";;;;;
CS400703000767;"0";BP400703000155;"5";E;A;;"05";;;;;
CS400703001268;"0";BP400703000011;"14";E;A;;"14";;;;;
CS400703000943;"0";BP400703000085;"7";E;A;;"07";;;;;
CS400703001323;"0";BP400703000008;"27";E;A;;"27";;;;;
CS400703001280;"0";BP400703000011;"6";E;A;;"06";;;;;
CS400703000814;"0";BP400703000141;"4";E;A;;"04";;;;;
CS400703000234;"0";BP400703000107;"5";E;A;;"05";;;;;
CS400703000268;"0";BP400703000032;"8";E;A;;"08";;;;;
CS400703000572;"0";BP400703000170;"10";E;A;;"10";;;;;
CS400703001447;"0";BP400703000678;"3";E;A;;"03";2022/06/02 15:23:19;;;;
CS400703001285;"0";BP400703000011;"10";E;A;;"10";;;;;
CS400703000287;"0";BP400703000122;"6";E;A;;"06";;;;;
CS400703000950;"0";BP400703000064;"4";E;A;;"04";;;;;
CS402078000880;"0";BP402078000004;"3";E;A;;"03";2019/11/06 10:21:03;;ImportGrace-61;;
CS400703000775;"0";BP400703000125;"2";E;A;;"02";;;;;
